ID,island,new_island_record
17c201c8da1847929a10109237aab0f4,Yap State,
17c201c8da1847929a10109237aab0f4,Saipan,
17c201c8da1847929a10109237aab0f4,Tinian,
17c201c8da1847929a10109237aab0f4,Rota,
17c201c8da1847929a10109237aab0f4,Guam,
311cf11008e54e33a9259ed045b47b23,Saipan,
311cf11008e54e33a9259ed045b47b23,Tinian,
311cf11008e54e33a9259ed045b47b23,Rota,
311cf11008e54e33a9259ed045b47b23,Guam,
1e02c9c91085410092b1dcfa20c2be82,Republic of Palau,
1e02c9c91085410092b1dcfa20c2be82,Yap State,
1e02c9c91085410092b1dcfa20c2be82,Chuuk State,
1e02c9c91085410092b1dcfa20c2be82,Pohnpei State,
1e02c9c91085410092b1dcfa20c2be82,Saipan,
1e02c9c91085410092b1dcfa20c2be82,Tinian,
1e02c9c91085410092b1dcfa20c2be82,Rota,
1e02c9c91085410092b1dcfa20c2be82,Guam,
e624b614b2aa46b391d01f58505b1b75,Saipan,
e624b614b2aa46b391d01f58505b1b75,Tinian,
e624b614b2aa46b391d01f58505b1b75,Rota,
e624b614b2aa46b391d01f58505b1b75,Guam,
370f7791cf5c41429c230bd905792365,Republic of Palau,
370f7791cf5c41429c230bd905792365,Yap State,
370f7791cf5c41429c230bd905792365,Pohnpei State,
9b5f09b6cdc54dc49900743d95a168cf,Saipan,
9b5f09b6cdc54dc49900743d95a168cf,Tinian,
9b5f09b6cdc54dc49900743d95a168cf,Rota,
9b5f09b6cdc54dc49900743d95a168cf,Guam,
f505d36396524c81af039fae6e19cd45,Republic of Palau,
f505d36396524c81af039fae6e19cd45,Yap State,
f505d36396524c81af039fae6e19cd45,Chuuk State,
f505d36396524c81af039fae6e19cd45,Pohnpei State,
f505d36396524c81af039fae6e19cd45,Kosrae State,
f505d36396524c81af039fae6e19cd45,Saipan,
f505d36396524c81af039fae6e19cd45,Tinian,
f505d36396524c81af039fae6e19cd45,Rota,
f505d36396524c81af039fae6e19cd45,Guam,
880a117f68f041b59dd7fd19c3b3cb63,Republic of Palau,
880a117f68f041b59dd7fd19c3b3cb63,Pohnpei State,
880a117f68f041b59dd7fd19c3b3cb63,Saipan,
880a117f68f041b59dd7fd19c3b3cb63,Tinian,
880a117f68f041b59dd7fd19c3b3cb63,Rota,
880a117f68f041b59dd7fd19c3b3cb63,Guam,
45781c22862548c1821c8faa424feb75,Republic of Palau,
45781c22862548c1821c8faa424feb75,Saipan,
45781c22862548c1821c8faa424feb75,Tinian,
45781c22862548c1821c8faa424feb75,Rota,
45781c22862548c1821c8faa424feb75,Guam,
997add7a3c7f40709c55d2853fd9e652,Republic of Palau,
997add7a3c7f40709c55d2853fd9e652,Yap State,new island record
997add7a3c7f40709c55d2853fd9e652,Chuuk State,
997add7a3c7f40709c55d2853fd9e652,Pohnpei State,
997add7a3c7f40709c55d2853fd9e652,Kosrae State,
3f20c7b3d313457fa838eeb1e0213ae4,Republic of Palau,
3f20c7b3d313457fa838eeb1e0213ae4,Yap State,
3f20c7b3d313457fa838eeb1e0213ae4,Chuuk State,
3f20c7b3d313457fa838eeb1e0213ae4,Pohnpei State,
3f20c7b3d313457fa838eeb1e0213ae4,Kosrae State,
3f20c7b3d313457fa838eeb1e0213ae4,Saipan,
3f20c7b3d313457fa838eeb1e0213ae4,Tinian,
3f20c7b3d313457fa838eeb1e0213ae4,Rota,
3f20c7b3d313457fa838eeb1e0213ae4,Guam,
9a40b6a68b2a40ee8aecc0c9eca9772d,Republic of Palau,
9a40b6a68b2a40ee8aecc0c9eca9772d,Yap State,
9a40b6a68b2a40ee8aecc0c9eca9772d,Chuuk State,
9a40b6a68b2a40ee8aecc0c9eca9772d,Pohnpei State,
9a40b6a68b2a40ee8aecc0c9eca9772d,Saipan,
9a40b6a68b2a40ee8aecc0c9eca9772d,Tinian,
9a40b6a68b2a40ee8aecc0c9eca9772d,Rota,
9a40b6a68b2a40ee8aecc0c9eca9772d,Guam,
ff627ef1896641b8af4bfc04573754e3,Chuuk State,
b543bab33cf044adaaa147db5ae02e07,Republic of Palau,
b543bab33cf044adaaa147db5ae02e07,Yap State,
29bd01f83d884508b1e6b3059d3d76cd,Yap State,
d28ff028222641509fb0d5b02663d153,Republic of Palau,
d28ff028222641509fb0d5b02663d153,Yap State,
d28ff028222641509fb0d5b02663d153,Chuuk State,
d28ff028222641509fb0d5b02663d153,Pohnpei State,
d28ff028222641509fb0d5b02663d153,Saipan,
d28ff028222641509fb0d5b02663d153,Tinian,
d28ff028222641509fb0d5b02663d153,Rota,
d28ff028222641509fb0d5b02663d153,Guam,
e7efe2f4a12c478299bfd8e9a81778fc,Republic of Palau,new island record
e7efe2f4a12c478299bfd8e9a81778fc,Yap State,new island record
e7efe2f4a12c478299bfd8e9a81778fc,Chuuk State,new island record
e7efe2f4a12c478299bfd8e9a81778fc,Pohnpei State,
e7efe2f4a12c478299bfd8e9a81778fc,Saipan,
e7efe2f4a12c478299bfd8e9a81778fc,Tinian,
e7efe2f4a12c478299bfd8e9a81778fc,Rota,
e7efe2f4a12c478299bfd8e9a81778fc,Guam,
ae9347c648da4db48a86e8253d1e5c7f,Saipan,
ae9347c648da4db48a86e8253d1e5c7f,Tinian,
ae9347c648da4db48a86e8253d1e5c7f,Rota,
ae9347c648da4db48a86e8253d1e5c7f,Guam,
753549d6c4024957add8a49e4ae3b798,Saipan,
753549d6c4024957add8a49e4ae3b798,Tinian,
753549d6c4024957add8a49e4ae3b798,Rota,
753549d6c4024957add8a49e4ae3b798,Guam,
57aceabc91124f08a472d45a1fd0022f,Guam,
57aceabc91124f08a472d45a1fd0022f,Rota,
397b8c0a648e4132b1379b6d070c4f9c,Republic of Palau,
397b8c0a648e4132b1379b6d070c4f9c,Pohnpei State,
397b8c0a648e4132b1379b6d070c4f9c,Guam,
44b2f9d579214517b1d549685b78b466,Republic of Palau,
44b2f9d579214517b1d549685b78b466,Chuuk State,new island record
44b2f9d579214517b1d549685b78b466,Saipan,
44b2f9d579214517b1d549685b78b466,Tinian,
44b2f9d579214517b1d549685b78b466,Rota,
44b2f9d579214517b1d549685b78b466,Guam,
653cb1039d1c4cbeb61be2369de78be1,Pohnpei State,
653cb1039d1c4cbeb61be2369de78be1,Guam,
570f1904360c4b61b8415b95d619d08c,Pohnpei State,
3c934a1fd63f40d4969ce7e02a988b83,Republic of Palau,
268b368765e94eb18960ff7931e7e8df,Republic of Palau,
268b368765e94eb18960ff7931e7e8df,Pohnpei State,
268b368765e94eb18960ff7931e7e8df,Saipan,
268b368765e94eb18960ff7931e7e8df,Tinian,
268b368765e94eb18960ff7931e7e8df,Rota,
268b368765e94eb18960ff7931e7e8df,Guam,
c271204e1d4542f9acbfff5fd560ab64,Republic of Palau,
c271204e1d4542f9acbfff5fd560ab64,Saipan,
c271204e1d4542f9acbfff5fd560ab64,Tinian,
c271204e1d4542f9acbfff5fd560ab64,Rota,
c271204e1d4542f9acbfff5fd560ab64,Guam,
93b3b730ce8d44d592281add2e5ca264,Pohnpei State,new island record
93b3b730ce8d44d592281add2e5ca264,Saipan,
93b3b730ce8d44d592281add2e5ca264,Tinian,
93b3b730ce8d44d592281add2e5ca264,Rota,
93b3b730ce8d44d592281add2e5ca264,Guam,
b9f55c9a77304db3a237805d7fe8129f,Saipan,
b9f55c9a77304db3a237805d7fe8129f,Tinian,
b9f55c9a77304db3a237805d7fe8129f,Rota,
b9f55c9a77304db3a237805d7fe8129f,Guam,
6f6a31d9fd3b43b697b14b7c37b2a8f8,Republic of Palau,
6f6a31d9fd3b43b697b14b7c37b2a8f8,Pohnpei State,
6f6a31d9fd3b43b697b14b7c37b2a8f8,Saipan,
6f6a31d9fd3b43b697b14b7c37b2a8f8,Tinian,
6f6a31d9fd3b43b697b14b7c37b2a8f8,Rota,
6f6a31d9fd3b43b697b14b7c37b2a8f8,Guam,
7d3b3ec8605a47ab8417a79e09a3135d,Republic of Palau,
7d3b3ec8605a47ab8417a79e09a3135d,Yap State,
7d3b3ec8605a47ab8417a79e09a3135d,Chuuk State,
7d3b3ec8605a47ab8417a79e09a3135d,Pohnpei State,
7d3b3ec8605a47ab8417a79e09a3135d,Kosrae State,
7d3b3ec8605a47ab8417a79e09a3135d,Saipan,
7d3b3ec8605a47ab8417a79e09a3135d,Tinian,
7d3b3ec8605a47ab8417a79e09a3135d,Rota,
7d3b3ec8605a47ab8417a79e09a3135d,Guam,
ee7c1796b0e04fda9e515662399e790d,Republic of Palau,
ee7c1796b0e04fda9e515662399e790d,Saipan,
ee7c1796b0e04fda9e515662399e790d,Tinian,
ee7c1796b0e04fda9e515662399e790d,Rota,
9dcf368026a240ffaa94091f27585df6,Republic of Palau,
9dcf368026a240ffaa94091f27585df6,Yap State,
9dcf368026a240ffaa94091f27585df6,Chuuk State,
9dcf368026a240ffaa94091f27585df6,Pohnpei State,
9dcf368026a240ffaa94091f27585df6,Saipan,
9dcf368026a240ffaa94091f27585df6,Tinian,
9dcf368026a240ffaa94091f27585df6,Rota,
9dcf368026a240ffaa94091f27585df6,Guam,
6e1477938a214c5593440e40e6e2318a,Republic of Palau,
6e1477938a214c5593440e40e6e2318a,Pohnpei State,new island record
6e1477938a214c5593440e40e6e2318a,Saipan,
6e1477938a214c5593440e40e6e2318a,Tinian,
6e1477938a214c5593440e40e6e2318a,Rota,
6e1477938a214c5593440e40e6e2318a,Guam,
d69744f411f542669cf28715cd9fe7f8,Republic of Palau,
d69744f411f542669cf28715cd9fe7f8,Yap State,
d69744f411f542669cf28715cd9fe7f8,Chuuk State,
d69744f411f542669cf28715cd9fe7f8,Pohnpei State,
d69744f411f542669cf28715cd9fe7f8,Kosrae State,
d69744f411f542669cf28715cd9fe7f8,Saipan,
d69744f411f542669cf28715cd9fe7f8,Tinian,
d69744f411f542669cf28715cd9fe7f8,Rota,
d69744f411f542669cf28715cd9fe7f8,Guam,
c2e1f058aa364ee5a8feb2b7d6ac9f18,Republic of Palau,
c2e1f058aa364ee5a8feb2b7d6ac9f18,Guam,
b9e8566c3d0f47a79c4d81e8626f5543,Chuuk State,
b9e8566c3d0f47a79c4d81e8626f5543,Pohnpei State,
becaf5d445a942ccb83edc1411b59dd5,Chuuk State,
becaf5d445a942ccb83edc1411b59dd5,Kosrae State,
becaf5d445a942ccb83edc1411b59dd5,Saipan,
becaf5d445a942ccb83edc1411b59dd5,Tinian,
becaf5d445a942ccb83edc1411b59dd5,Rota,
b9c86eb2ddf0491498ab9ca1a27fc7ae,Republic of Palau,
6cdebd40f62d4a1fbca64f7b70242f5e,Republic of Palau,
6cdebd40f62d4a1fbca64f7b70242f5e,Yap State,
6cdebd40f62d4a1fbca64f7b70242f5e,Chuuk State,
6cdebd40f62d4a1fbca64f7b70242f5e,Pohnpei State,
6cdebd40f62d4a1fbca64f7b70242f5e,Saipan,
6cdebd40f62d4a1fbca64f7b70242f5e,Tinian,
6cdebd40f62d4a1fbca64f7b70242f5e,Rota,
6cdebd40f62d4a1fbca64f7b70242f5e,Guam,
fc58da841da64b73ae0131375cd7e346,Republic of Palau,
fc58da841da64b73ae0131375cd7e346,Chuuk State,
fc58da841da64b73ae0131375cd7e346,Saipan,
fc58da841da64b73ae0131375cd7e346,Tinian,
fc58da841da64b73ae0131375cd7e346,Rota,
fc58da841da64b73ae0131375cd7e346,Guam,
6582c42d3e4845f8a3fa535dc9af15c5,Republic of Palau,
6582c42d3e4845f8a3fa535dc9af15c5,Yap State,
6582c42d3e4845f8a3fa535dc9af15c5,Chuuk State,
6582c42d3e4845f8a3fa535dc9af15c5,Pohnpei State,
6582c42d3e4845f8a3fa535dc9af15c5,Kosrae State,new island record
6582c42d3e4845f8a3fa535dc9af15c5,Saipan,
6582c42d3e4845f8a3fa535dc9af15c5,Tinian,
6582c42d3e4845f8a3fa535dc9af15c5,Rota,
6582c42d3e4845f8a3fa535dc9af15c5,Guam,
968834638ddf4a69ad0436aa18482ab2,Republic of Palau,
968834638ddf4a69ad0436aa18482ab2,Yap State,
968834638ddf4a69ad0436aa18482ab2,Chuuk State,
968834638ddf4a69ad0436aa18482ab2,Saipan,
968834638ddf4a69ad0436aa18482ab2,Tinian,
968834638ddf4a69ad0436aa18482ab2,Rota,
968834638ddf4a69ad0436aa18482ab2,Guam,
364ee199ca2148d8aeb8e955bb1959c4,Republic of Palau,
364ee199ca2148d8aeb8e955bb1959c4,Yap State,
364ee199ca2148d8aeb8e955bb1959c4,Guam,
57e2c69ddd534544afaae175b5462414,Republic of Palau,
57e2c69ddd534544afaae175b5462414,Yap State,
57e2c69ddd534544afaae175b5462414,Chuuk State,
57e2c69ddd534544afaae175b5462414,Pohnpei State,
57e2c69ddd534544afaae175b5462414,Kosrae State,
57e2c69ddd534544afaae175b5462414,Guam,
53622d38eec24ff5be8b937ed0c24ff8,Republic of Palau,
53622d38eec24ff5be8b937ed0c24ff8,Chuuk State,
53622d38eec24ff5be8b937ed0c24ff8,Mariana Islands,
b555107fd7394b749f00719b99deff64,Republic of Palau,
b555107fd7394b749f00719b99deff64,Yap State,
b555107fd7394b749f00719b99deff64,Chuuk State,
b555107fd7394b749f00719b99deff64,Pohnpei State,
b555107fd7394b749f00719b99deff64,Kosrae State,new island record
b555107fd7394b749f00719b99deff64,Saipan,
b555107fd7394b749f00719b99deff64,Tinian,
b555107fd7394b749f00719b99deff64,Rota,
b555107fd7394b749f00719b99deff64,Guam,
dd1cd70d7de64d18ac75c10c5556cd52,Republic of Palau,
dd1cd70d7de64d18ac75c10c5556cd52,Yap State,
dd1cd70d7de64d18ac75c10c5556cd52,Chuuk State,
dd1cd70d7de64d18ac75c10c5556cd52,Pohnpei State,
dd1cd70d7de64d18ac75c10c5556cd52,Kosrae State,
dd1cd70d7de64d18ac75c10c5556cd52,Saipan,
dd1cd70d7de64d18ac75c10c5556cd52,Tinian,
dd1cd70d7de64d18ac75c10c5556cd52,Rota,
dd1cd70d7de64d18ac75c10c5556cd52,Guam,
064cc43b42124fab9eec2aeb2ce20ef1,Republic of Palau,
064cc43b42124fab9eec2aeb2ce20ef1,Yap State,
064cc43b42124fab9eec2aeb2ce20ef1,Chuuk State,
064cc43b42124fab9eec2aeb2ce20ef1,Pohnpei State,
064cc43b42124fab9eec2aeb2ce20ef1,Kosrae State,
064cc43b42124fab9eec2aeb2ce20ef1,Saipan,
064cc43b42124fab9eec2aeb2ce20ef1,Tinian,
064cc43b42124fab9eec2aeb2ce20ef1,Rota,
064cc43b42124fab9eec2aeb2ce20ef1,Guam,
ebc8da6062d04317a468b668aa05a333,Saipan,
ebc8da6062d04317a468b668aa05a333,Tinian,
ebc8da6062d04317a468b668aa05a333,Rota,
ebc8da6062d04317a468b668aa05a333,Guam,
4571aa0d2be54390b331bfc87c2f6be8,Republic of Palau,new island record
4571aa0d2be54390b331bfc87c2f6be8,Pohnpei State,new island record
4571aa0d2be54390b331bfc87c2f6be8,Kosrae State,new island record
4571aa0d2be54390b331bfc87c2f6be8,Saipan,
4571aa0d2be54390b331bfc87c2f6be8,Tinian,
4571aa0d2be54390b331bfc87c2f6be8,Rota,
4571aa0d2be54390b331bfc87c2f6be8,Guam,
ce7569398335458cb6873bf17cce2638,Saipan,
ce7569398335458cb6873bf17cce2638,Tinian,
ce7569398335458cb6873bf17cce2638,Rota,
ce7569398335458cb6873bf17cce2638,Guam,
82330bde35074f599f3119454a1082f1,Republic of Palau,
82330bde35074f599f3119454a1082f1,Yap State,
82330bde35074f599f3119454a1082f1,Chuuk State,
ac89db12bd7b40eca9d190bfbc32b8be,Saipan,
ac89db12bd7b40eca9d190bfbc32b8be,Tinian,
ac89db12bd7b40eca9d190bfbc32b8be,Rota,
ac89db12bd7b40eca9d190bfbc32b8be,Guam,
d5820a940b5f4f2e99d122ec913da75a,Saipan,
d5820a940b5f4f2e99d122ec913da75a,Tinian,
d5820a940b5f4f2e99d122ec913da75a,Rota,
d5820a940b5f4f2e99d122ec913da75a,Guam,
11b4acbb79e049ccb4fa5d43ca52f456,Guam,
010f9071d7824ac4b56788fb7ab858fa,Republic of Palau,
010f9071d7824ac4b56788fb7ab858fa,Yap State,
010f9071d7824ac4b56788fb7ab858fa,Chuuk State,
010f9071d7824ac4b56788fb7ab858fa,Saipan,
010f9071d7824ac4b56788fb7ab858fa,Tinian,
010f9071d7824ac4b56788fb7ab858fa,Rota,
010f9071d7824ac4b56788fb7ab858fa,Guam,
219b8e67380a4eae8eabb6f82efacd3e,Republic of Palau,
5276101f6acb4ca5beacb7dc73338322,Guam,
fc67ceb5c2de4815bf9b1dfcad5bbbbe,Yap State,new island record
fc67ceb5c2de4815bf9b1dfcad5bbbbe,Pohnpei State,new island record
fc67ceb5c2de4815bf9b1dfcad5bbbbe,Guam,
3b6c32480ab94eb28375cf2c051175df,Chuuk State,
3b6c32480ab94eb28375cf2c051175df,Kosrae State,
3b6c32480ab94eb28375cf2c051175df,Saipan,
3b6c32480ab94eb28375cf2c051175df,Tinian,
3b6c32480ab94eb28375cf2c051175df,Rota,
3b6c32480ab94eb28375cf2c051175df,Guam,
89b36c438b9f4616b461c5f15d27d9ab,Chuuk State,
69deda6d595d48f6b654716e6b06336a,Republic of Palau,
69deda6d595d48f6b654716e6b06336a,Yap State,new island record
69deda6d595d48f6b654716e6b06336a,Chuuk State,
69deda6d595d48f6b654716e6b06336a,Pohnpei State,new island record
69deda6d595d48f6b654716e6b06336a,Kosrae State,new island record
69deda6d595d48f6b654716e6b06336a,Saipan,
69deda6d595d48f6b654716e6b06336a,Tinian,
69deda6d595d48f6b654716e6b06336a,Rota,
69deda6d595d48f6b654716e6b06336a,Guam,
dd90de5b80054b42be14a0cbf883a5d7,Republic of Palau,
dd90de5b80054b42be14a0cbf883a5d7,Yap State,
dd90de5b80054b42be14a0cbf883a5d7,Chuuk State,
dd90de5b80054b42be14a0cbf883a5d7,Pohnpei State,
dd90de5b80054b42be14a0cbf883a5d7,Saipan,
dd90de5b80054b42be14a0cbf883a5d7,Tinian,
dd90de5b80054b42be14a0cbf883a5d7,Rota,
dd90de5b80054b42be14a0cbf883a5d7,Guam,
aa8d183098cb41f295be17b78763a2b0,Republic of Palau,
aa8d183098cb41f295be17b78763a2b0,Yap State,new island record
aa8d183098cb41f295be17b78763a2b0,Saipan,
aa8d183098cb41f295be17b78763a2b0,Tinian,
aa8d183098cb41f295be17b78763a2b0,Rota,
aa8d183098cb41f295be17b78763a2b0,Guam,
9c04bebde35b42658388827c10f989f4,Republic of Palau,
9c04bebde35b42658388827c10f989f4,Yap State,
9c04bebde35b42658388827c10f989f4,Chuuk State,
9c04bebde35b42658388827c10f989f4,Pohnpei State,
9c04bebde35b42658388827c10f989f4,Kosrae State,
9c04bebde35b42658388827c10f989f4,Saipan,
9c04bebde35b42658388827c10f989f4,Tinian,
9c04bebde35b42658388827c10f989f4,Rota,
9c04bebde35b42658388827c10f989f4,Guam,
51bedea8f649487bad3db9f7641b1b94,Kosrae State,new island record
51bedea8f649487bad3db9f7641b1b94,Saipan,new island record
51bedea8f649487bad3db9f7641b1b94,Tinian,new island record
51bedea8f649487bad3db9f7641b1b94,Rota,new island record
51bedea8f649487bad3db9f7641b1b94,Guam,new island record
fdeb931e7e3b43a0a5f8ed2457fd9e28,Mariana Islands,
dc9125b4576a4feabb3035069657bdaa,Saipan,
dc9125b4576a4feabb3035069657bdaa,Tinian,
dc9125b4576a4feabb3035069657bdaa,Rota,
dc9125b4576a4feabb3035069657bdaa,Guam,
eec42b9f5eef4741a6301962697cb25e,Yap State,
eec42b9f5eef4741a6301962697cb25e,Chuuk State,
eec42b9f5eef4741a6301962697cb25e,Pohnpei State,
eec42b9f5eef4741a6301962697cb25e,Kosrae State,
eec42b9f5eef4741a6301962697cb25e,Saipan,
eec42b9f5eef4741a6301962697cb25e,Tinian,
eec42b9f5eef4741a6301962697cb25e,Rota,
eec42b9f5eef4741a6301962697cb25e,Guam,
fa186be66e564ee1a24d9d266e2fe354,Republic of Palau,
fa186be66e564ee1a24d9d266e2fe354,Pohnpei State,
fa186be66e564ee1a24d9d266e2fe354,Saipan,
fa186be66e564ee1a24d9d266e2fe354,Tinian,
fa186be66e564ee1a24d9d266e2fe354,Rota,
fa186be66e564ee1a24d9d266e2fe354,Guam,
3bd34302aefa48229e05a89a044b10a4,Saipan,
1aa30591b5364ae1949c96098c69225e,Yap State,
1aa30591b5364ae1949c96098c69225e,Chuuk State,
1aa30591b5364ae1949c96098c69225e,Pohnpei State,
1aa30591b5364ae1949c96098c69225e,Kosrae State,
1aa30591b5364ae1949c96098c69225e,Saipan,
1aa30591b5364ae1949c96098c69225e,Tinian,
1aa30591b5364ae1949c96098c69225e,Rota,
1aa30591b5364ae1949c96098c69225e,Guam,
9a11c6cebcc8443191d65c681aafe558,Republic of Palau,new island record
9a11c6cebcc8443191d65c681aafe558,Saipan,
9a11c6cebcc8443191d65c681aafe558,Tinian,
9a11c6cebcc8443191d65c681aafe558,Rota,
9a11c6cebcc8443191d65c681aafe558,Guam,
f8637387c8db45f1b55464e2935ea195,Saipan,
f8637387c8db45f1b55464e2935ea195,Tinian,
f8637387c8db45f1b55464e2935ea195,Rota,
f8637387c8db45f1b55464e2935ea195,Guam,
4767c33beffc44e6871a549228e775de,Republic of Palau,
4767c33beffc44e6871a549228e775de,Saipan,
4767c33beffc44e6871a549228e775de,Tinian,
4767c33beffc44e6871a549228e775de,Rota,
4767c33beffc44e6871a549228e775de,Guam,
5347c40fcd82462dabc8ec5e92a692e3,Saipan,
5347c40fcd82462dabc8ec5e92a692e3,Tinian,
5347c40fcd82462dabc8ec5e92a692e3,Rota,
5347c40fcd82462dabc8ec5e92a692e3,Guam,
797149752ffb41e8ae12270fee120b2f,Guam,
57d9164cbfdb43e8835a72e9a7dd4573,Saipan,
57d9164cbfdb43e8835a72e9a7dd4573,Tinian,
57d9164cbfdb43e8835a72e9a7dd4573,Rota,
57d9164cbfdb43e8835a72e9a7dd4573,Guam,
42217482f6e64e7db36fc23a553e87be,Republic of Palau,
42217482f6e64e7db36fc23a553e87be,Chuuk State,
42217482f6e64e7db36fc23a553e87be,Pohnpei State,
42217482f6e64e7db36fc23a553e87be,Saipan,
42217482f6e64e7db36fc23a553e87be,Tinian,
42217482f6e64e7db36fc23a553e87be,Rota,
812d25b7cb9f4623a28fff46b60e7642,Guam,
bebd2d68f5ec441899d35aa1255c33ed,Republic of Palau,
bebd2d68f5ec441899d35aa1255c33ed,Yap State,
bebd2d68f5ec441899d35aa1255c33ed,Chuuk State,
bebd2d68f5ec441899d35aa1255c33ed,Pohnpei State,
bebd2d68f5ec441899d35aa1255c33ed,Saipan,
bebd2d68f5ec441899d35aa1255c33ed,Tinian,
bebd2d68f5ec441899d35aa1255c33ed,Rota,
bebd2d68f5ec441899d35aa1255c33ed,Guam,
f6ce7616b9ca4b37b609ae31dde8b6f9,Republic of Palau,
f6ce7616b9ca4b37b609ae31dde8b6f9,Yap State,
f6ce7616b9ca4b37b609ae31dde8b6f9,Chuuk State,
f6ce7616b9ca4b37b609ae31dde8b6f9,Saipan,
f6ce7616b9ca4b37b609ae31dde8b6f9,Tinian,
f6ce7616b9ca4b37b609ae31dde8b6f9,Rota,
f6ce7616b9ca4b37b609ae31dde8b6f9,Guam,
20f345e3e7584b8fbfbe821c9933dde2,Saipan,
20f345e3e7584b8fbfbe821c9933dde2,Tinian,
20f345e3e7584b8fbfbe821c9933dde2,Rota,
20f345e3e7584b8fbfbe821c9933dde2,Guam,
31604965be3840b0852528c57c6dd92a,Republic of Palau,new island record
31604965be3840b0852528c57c6dd92a,Saipan,
31604965be3840b0852528c57c6dd92a,Tinian,
31604965be3840b0852528c57c6dd92a,Rota,
31604965be3840b0852528c57c6dd92a,Guam,
94725aeab51e4776ab441a77277959e6,Pohnpei State,
94725aeab51e4776ab441a77277959e6,Saipan,
94725aeab51e4776ab441a77277959e6,Tinian,
94725aeab51e4776ab441a77277959e6,Rota,
94725aeab51e4776ab441a77277959e6,Guam,
97ade7d44a9846f790f94b8ae7869c46,Yap State,new island record
97ade7d44a9846f790f94b8ae7869c46,Guam,
d9f6fc76d69f4c0497dce71a0d5e93ca,Republic of Palau,
d9f6fc76d69f4c0497dce71a0d5e93ca,Yap State,
d9f6fc76d69f4c0497dce71a0d5e93ca,Saipan,
d9f6fc76d69f4c0497dce71a0d5e93ca,Tinian,
d9f6fc76d69f4c0497dce71a0d5e93ca,Rota,
d9f6fc76d69f4c0497dce71a0d5e93ca,Guam,
3c58c57cd9fb45a79372e4428e4157e1,Republic of Palau,
3c58c57cd9fb45a79372e4428e4157e1,Chuuk State,
3c58c57cd9fb45a79372e4428e4157e1,Saipan,
3c58c57cd9fb45a79372e4428e4157e1,Tinian,
3c58c57cd9fb45a79372e4428e4157e1,Rota,
3c58c57cd9fb45a79372e4428e4157e1,Guam,
94f59076e84b43c596bb03d8a73b6ec5,Guam,
101f870b11664a3c9a9001d6c07c3a92,Republic of Palau,
101f870b11664a3c9a9001d6c07c3a92,Saipan,
101f870b11664a3c9a9001d6c07c3a92,Tinian,
101f870b11664a3c9a9001d6c07c3a92,Rota,
101f870b11664a3c9a9001d6c07c3a92,Guam,
e72dd7e3e65140b6a8793c461ae1d334,Republic of Palau,
e72dd7e3e65140b6a8793c461ae1d334,Yap State,
e72dd7e3e65140b6a8793c461ae1d334,Chuuk State,
e72dd7e3e65140b6a8793c461ae1d334,Pohnpei State,
e72dd7e3e65140b6a8793c461ae1d334,Kosrae State,
e72dd7e3e65140b6a8793c461ae1d334,Saipan,
e72dd7e3e65140b6a8793c461ae1d334,Tinian,
e72dd7e3e65140b6a8793c461ae1d334,Rota,
e72dd7e3e65140b6a8793c461ae1d334,Guam,
48c1915f1949490f92eb396e5009d8e9,Guam,
12057a7ddcbd455a9e10bc86dd102c4a,Republic of Palau,
12057a7ddcbd455a9e10bc86dd102c4a,Chuuk State,
12057a7ddcbd455a9e10bc86dd102c4a,Guam,
b15206d8e13441f8bace73df2518127b,Republic of Palau,
898929e63a4b45659000c14211180642,Republic of Palau,
898929e63a4b45659000c14211180642,Yap State,new island record
898929e63a4b45659000c14211180642,Pohnpei State,new island record
898929e63a4b45659000c14211180642,Saipan,
898929e63a4b45659000c14211180642,Tinian,
898929e63a4b45659000c14211180642,Rota,
898929e63a4b45659000c14211180642,Guam,
ae06efedbe9649e1b0b71e41cd2c8cb1,Republic of Palau,
ae06efedbe9649e1b0b71e41cd2c8cb1,Yap State,
ae06efedbe9649e1b0b71e41cd2c8cb1,Pohnpei State,
ae06efedbe9649e1b0b71e41cd2c8cb1,Saipan,
ae06efedbe9649e1b0b71e41cd2c8cb1,Tinian,
ae06efedbe9649e1b0b71e41cd2c8cb1,Rota,
ae06efedbe9649e1b0b71e41cd2c8cb1,Guam,
40675bb5e0494153836dcf6dd0f1fafb,Yap State,
40675bb5e0494153836dcf6dd0f1fafb,Pohnpei State,
40675bb5e0494153836dcf6dd0f1fafb,Saipan,
40675bb5e0494153836dcf6dd0f1fafb,Tinian,
40675bb5e0494153836dcf6dd0f1fafb,Rota,
40675bb5e0494153836dcf6dd0f1fafb,Guam,
e83a53540e74428db47b66d68e1d0bb2,Pohnpei State,
e83a53540e74428db47b66d68e1d0bb2,Guam,
5ba06706422d45c79411d78fa21bde9e,Republic of Palau,
5ba06706422d45c79411d78fa21bde9e,Yap State,
5ba06706422d45c79411d78fa21bde9e,Chuuk State,
5ba06706422d45c79411d78fa21bde9e,Pohnpei State,
5ba06706422d45c79411d78fa21bde9e,Saipan,
5ba06706422d45c79411d78fa21bde9e,Tinian,
5ba06706422d45c79411d78fa21bde9e,Rota,
5ba06706422d45c79411d78fa21bde9e,Guam,
0eef4a301f2f4ee19318239a8ea4d18b,Republic of Palau,
0eef4a301f2f4ee19318239a8ea4d18b,Yap State,
0eef4a301f2f4ee19318239a8ea4d18b,Chuuk State,
0eef4a301f2f4ee19318239a8ea4d18b,Pohnpei State,
0eef4a301f2f4ee19318239a8ea4d18b,Kosrae State,
0b0f265013744886931118745e61d058,Republic of Palau,
0b0f265013744886931118745e61d058,Yap State,
0b0f265013744886931118745e61d058,Chuuk State,
0b0f265013744886931118745e61d058,Pohnpei State,
0b0f265013744886931118745e61d058,Kosrae State,
0b0f265013744886931118745e61d058,Guam,
d7b95034ac724ad4951e097781529071,Republic of Palau,
f3be5f2a3d7a4313b43d0ff029e6d351,Republic of Palau,
f3be5f2a3d7a4313b43d0ff029e6d351,Pohnpei State,
58ed3d86d6f7412084abed6c40f8be64,Republic of Palau,
58ed3d86d6f7412084abed6c40f8be64,Yap State,
58ed3d86d6f7412084abed6c40f8be64,Guam,
b915d68dbacf44c79d69d8347a280c42,Guam,
2f11c5390f2c46069c472b393ae18025,Guam,
c8ce6e5f2abe464f8dcfacf50526af70,Guam,
a0ffe0f6cb574779893cb6ce8d7352b1,Chuuk State,
a0ffe0f6cb574779893cb6ce8d7352b1,Pohnpei State,
a0ffe0f6cb574779893cb6ce8d7352b1,Kosrae State,
a0ffe0f6cb574779893cb6ce8d7352b1,Saipan,
a0ffe0f6cb574779893cb6ce8d7352b1,Tinian,
a0ffe0f6cb574779893cb6ce8d7352b1,Rota,
a0ffe0f6cb574779893cb6ce8d7352b1,Guam,
3fc246a411d042a981e089ef68bc0117,Republic of Palau,
3fc246a411d042a981e089ef68bc0117,Yap State,
2b6d685b51ec4f40aec599c6ebe087c1,Republic of Palau,
d7146f9252014a3598a83add440b785b,Republic of Palau,
d7146f9252014a3598a83add440b785b,Yap State,
d7146f9252014a3598a83add440b785b,Chuuk State,
d7146f9252014a3598a83add440b785b,Pohnpei State,
d7146f9252014a3598a83add440b785b,Kosrae State,
75d30179a97849fa8fe727dfb8398503,Republic of Palau,
75d30179a97849fa8fe727dfb8398503,Guam,
ea3d1e3b65ea4cd3a943226b9eb393ee,Republic of Palau,
ea3d1e3b65ea4cd3a943226b9eb393ee,Chuuk State,
ea3d1e3b65ea4cd3a943226b9eb393ee,Saipan,
ea3d1e3b65ea4cd3a943226b9eb393ee,Tinian,
ea3d1e3b65ea4cd3a943226b9eb393ee,Rota,
ea3d1e3b65ea4cd3a943226b9eb393ee,Guam,
ab5c0fd0aa5f4954a56eff73a669ac49,Republic of Palau,
ab5c0fd0aa5f4954a56eff73a669ac49,Yap State,new island record
ab5c0fd0aa5f4954a56eff73a669ac49,Pohnpei State,
ab5c0fd0aa5f4954a56eff73a669ac49,Kosrae State,new island record
7052766edb7b480c9317d2d2f3326878,Pohnpei State,
f1f8abc5c5d742bb97ed16907c7a80ce,Republic of Palau,
f1f8abc5c5d742bb97ed16907c7a80ce,Chuuk State,
f1f8abc5c5d742bb97ed16907c7a80ce,Saipan,
f1f8abc5c5d742bb97ed16907c7a80ce,Tinian,
f1f8abc5c5d742bb97ed16907c7a80ce,Rota,
f1f8abc5c5d742bb97ed16907c7a80ce,Guam,
056e823784a74508ae5ef10a9d2d745f,Guam,
2ee1e1c91418425e9b3a948e5afec013,Kosrae State,
65dd3f138c7940eb932ded62b3545850,Republic of Palau,
970468e377d14619ac1e90de73ad64dc,Republic of Palau,
970468e377d14619ac1e90de73ad64dc,Chuuk State,
970468e377d14619ac1e90de73ad64dc,Guam,
df41adef212b4be29c5208f1010845fc,Guam,
7a3b90f7f2604924a9c7aaa4ff13ea24,Chuuk State,
ed256d4758024b67915a49531991c1d4,Chuuk State,
ed256d4758024b67915a49531991c1d4,Pohnpei State,
a0b8695ea362404ba4e2984d630bb1d4,Republic of Palau,
a0b8695ea362404ba4e2984d630bb1d4,Yap State,new island record
a0b8695ea362404ba4e2984d630bb1d4,Saipan,
a0b8695ea362404ba4e2984d630bb1d4,Tinian,
a0b8695ea362404ba4e2984d630bb1d4,Rota,
a0b8695ea362404ba4e2984d630bb1d4,Guam,
14efb558859e4a2fbcc246a0ff865a27,Saipan,
14efb558859e4a2fbcc246a0ff865a27,Tinian,
14efb558859e4a2fbcc246a0ff865a27,Rota,
14efb558859e4a2fbcc246a0ff865a27,Guam,
519c5b0ae5814e4d9b3728bbbc1e49f3,Saipan,
519c5b0ae5814e4d9b3728bbbc1e49f3,Tinian,
519c5b0ae5814e4d9b3728bbbc1e49f3,Rota,
519c5b0ae5814e4d9b3728bbbc1e49f3,Guam,
4da9c2ad918442c5a803d8e1a74166f9,Republic of Palau,
4da9c2ad918442c5a803d8e1a74166f9,Saipan,
4da9c2ad918442c5a803d8e1a74166f9,Tinian,
4da9c2ad918442c5a803d8e1a74166f9,Rota,
4da9c2ad918442c5a803d8e1a74166f9,Guam,
caa48e96def94b7294b950381fed2c8e,Republic of Palau,
caa48e96def94b7294b950381fed2c8e,Guam,
7138fd97430347cfb30981a565cd7f11,Republic of Palau,new island record
7138fd97430347cfb30981a565cd7f11,Saipan,
7138fd97430347cfb30981a565cd7f11,Tinian,
7138fd97430347cfb30981a565cd7f11,Rota,
7138fd97430347cfb30981a565cd7f11,Guam,
839fc372506c4b22ae8aedf1087c192b,Republic of Palau,
839fc372506c4b22ae8aedf1087c192b,Saipan,
839fc372506c4b22ae8aedf1087c192b,Tinian,
839fc372506c4b22ae8aedf1087c192b,Rota,
839fc372506c4b22ae8aedf1087c192b,Guam,
ccc4deff98d247888c11b092d82b9f39,Saipan,
ccc4deff98d247888c11b092d82b9f39,Tinian,
ccc4deff98d247888c11b092d82b9f39,Rota,
ccc4deff98d247888c11b092d82b9f39,Guam,
125b6f0969154948beed00957d5f117d,Guam,
fd0b237754c44aa9a55ca71dd9b00d16,Republic of Palau,
fd0b237754c44aa9a55ca71dd9b00d16,Yap State,
fd0b237754c44aa9a55ca71dd9b00d16,Chuuk State,
fd0b237754c44aa9a55ca71dd9b00d16,Kosrae State,
fd0b237754c44aa9a55ca71dd9b00d16,Saipan,
fd0b237754c44aa9a55ca71dd9b00d16,Tinian,
fd0b237754c44aa9a55ca71dd9b00d16,Rota,
fd0b237754c44aa9a55ca71dd9b00d16,Guam,
519e9b80bc78446b9fd1ab66d66a4042,Chuuk State,new island record
519e9b80bc78446b9fd1ab66d66a4042,Pohnpei State,new island record
519e9b80bc78446b9fd1ab66d66a4042,Guam,
92abb396bc114b739ff7c7cf2bdee664,Republic of Palau,
92abb396bc114b739ff7c7cf2bdee664,Chuuk State,
92abb396bc114b739ff7c7cf2bdee664,Pohnpei State,
92abb396bc114b739ff7c7cf2bdee664,Kosrae State,
92abb396bc114b739ff7c7cf2bdee664,Saipan,
92abb396bc114b739ff7c7cf2bdee664,Tinian,
92abb396bc114b739ff7c7cf2bdee664,Rota,
92abb396bc114b739ff7c7cf2bdee664,Guam,
8e047a99f2124c238a497d085510a8dd,Republic of Palau,
14713e9371134a6282c9ae796fb7a2ee,Republic of Palau,
135372e44d6348efa478d565b5860bfc,Chuuk State,
135372e44d6348efa478d565b5860bfc,Pohnpei State,
135372e44d6348efa478d565b5860bfc,Kosrae State,
135372e44d6348efa478d565b5860bfc,Saipan,
135372e44d6348efa478d565b5860bfc,Tinian,
135372e44d6348efa478d565b5860bfc,Rota,
135372e44d6348efa478d565b5860bfc,Guam,
74790aac7be0475ca1d29c3d710669e4,Guam,
db142c20388d41d096971834c0c2cd27,Chuuk State,
db142c20388d41d096971834c0c2cd27,Saipan,
db142c20388d41d096971834c0c2cd27,Tinian,
db142c20388d41d096971834c0c2cd27,Rota,
db142c20388d41d096971834c0c2cd27,Guam,
a8bf1d56ff6144e6bdfedfc18125b65c,Saipan,
a8bf1d56ff6144e6bdfedfc18125b65c,Tinian,
a8bf1d56ff6144e6bdfedfc18125b65c,Rota,
a8bf1d56ff6144e6bdfedfc18125b65c,Guam,
7b7e14f767a2452c8a3422078af4b59a,Pohnpei State,
7b7e14f767a2452c8a3422078af4b59a,Kosrae State,
99c812f2dab948c6b72aef1d7e5d76b9,Yap State,
99c812f2dab948c6b72aef1d7e5d76b9,Chuuk State,
99c812f2dab948c6b72aef1d7e5d76b9,Saipan,
99c812f2dab948c6b72aef1d7e5d76b9,Tinian,
99c812f2dab948c6b72aef1d7e5d76b9,Rota,
eeac1582f5004b9984c80b0b36b2de21,Republic of Palau,
eeac1582f5004b9984c80b0b36b2de21,Guam,
15db1890ad524c11a8f70f67cec1147f,Chuuk State,
15db1890ad524c11a8f70f67cec1147f,Kosrae State,
00b0c08a48e04bcea23fc3371f7e5acd,Republic of Palau,
5795e4a8f77843c285e2036a6daa3c33,Republic of Palau,
b2cc61bf0e754acabf1e806c5c8d538e,Republic of Palau,
c484b53cd98b435983d214d6df609521,Republic of Palau,
0f271443b941429f8d430a24283031a4,Republic of Palau,new island record
0f271443b941429f8d430a24283031a4,Pohnpei State,new island record
0f271443b941429f8d430a24283031a4,Saipan,
0f271443b941429f8d430a24283031a4,Tinian,
0f271443b941429f8d430a24283031a4,Rota,
0f271443b941429f8d430a24283031a4,Guam,
4c9fc88c22ba4a4fb10d678f9cec8ee3,Republic of Palau,
4c9fc88c22ba4a4fb10d678f9cec8ee3,Yap State,
4c9fc88c22ba4a4fb10d678f9cec8ee3,Chuuk State,
4c9fc88c22ba4a4fb10d678f9cec8ee3,Saipan,
4c9fc88c22ba4a4fb10d678f9cec8ee3,Tinian,
4c9fc88c22ba4a4fb10d678f9cec8ee3,Rota,
4c9fc88c22ba4a4fb10d678f9cec8ee3,Guam,
231cf67b5ea54426ad6a275369de7b1d,Republic of Palau,
6d0023f708444ff7b5ded6a90f964bcd,Chuuk State,
6d0023f708444ff7b5ded6a90f964bcd,Pohnpei State,
6d0023f708444ff7b5ded6a90f964bcd,Kosrae State,
6d0023f708444ff7b5ded6a90f964bcd,Saipan,
6d0023f708444ff7b5ded6a90f964bcd,Tinian,
6d0023f708444ff7b5ded6a90f964bcd,Rota,
6d0023f708444ff7b5ded6a90f964bcd,Guam,
ccf6673e9cb74e71abcba5b22b115f7e,Yap State,
ccf6673e9cb74e71abcba5b22b115f7e,Saipan,
ccf6673e9cb74e71abcba5b22b115f7e,Tinian,
ccf6673e9cb74e71abcba5b22b115f7e,Rota,
ccf6673e9cb74e71abcba5b22b115f7e,Guam,
d3e144f71d0241118d4ce501a2ec5a1f,Pohnpei State,
d3e144f71d0241118d4ce501a2ec5a1f,Saipan,
d3e144f71d0241118d4ce501a2ec5a1f,Tinian,
d3e144f71d0241118d4ce501a2ec5a1f,Rota,
d3e144f71d0241118d4ce501a2ec5a1f,Guam,
7e58af451a344680acf43fc47ced530e,Republic of Palau,
7e58af451a344680acf43fc47ced530e,Yap State,
7e58af451a344680acf43fc47ced530e,Pohnpei State,
7e58af451a344680acf43fc47ced530e,Kosrae State,
7e58af451a344680acf43fc47ced530e,Guam,
f4e1a7510bf34d83a0060481a475cbba,Guam,
777740dd976c4681abfd46c90825de70,Republic of Palau,
777740dd976c4681abfd46c90825de70,Yap State,
777740dd976c4681abfd46c90825de70,Chuuk State,
777740dd976c4681abfd46c90825de70,Pohnpei State,
777740dd976c4681abfd46c90825de70,Kosrae State,
777740dd976c4681abfd46c90825de70,Saipan,
777740dd976c4681abfd46c90825de70,Tinian,
777740dd976c4681abfd46c90825de70,Rota,
777740dd976c4681abfd46c90825de70,Guam,
466e4e7d31cc4551b141761daaa9c5be,Kosrae State,
466e4e7d31cc4551b141761daaa9c5be,Saipan,new island record
466e4e7d31cc4551b141761daaa9c5be,Tinian,new island record
466e4e7d31cc4551b141761daaa9c5be,Rota,new island record
466e4e7d31cc4551b141761daaa9c5be,Guam,new island record
c5cdf730db2d4f5d98bab59848416089,Guam,
24841a9314864e4f99e53b887130d5c1,Yap State,
24841a9314864e4f99e53b887130d5c1,Chuuk State,
24841a9314864e4f99e53b887130d5c1,Pohnpei State,
24841a9314864e4f99e53b887130d5c1,Kosrae State,
24841a9314864e4f99e53b887130d5c1,Saipan,
24841a9314864e4f99e53b887130d5c1,Tinian,
24841a9314864e4f99e53b887130d5c1,Rota,
24841a9314864e4f99e53b887130d5c1,Guam,
540aea8941ce4304a1c7cd657235c3a7,Republic of Palau,
540aea8941ce4304a1c7cd657235c3a7,Chuuk State,
540aea8941ce4304a1c7cd657235c3a7,Pohnpei State,
540aea8941ce4304a1c7cd657235c3a7,Kosrae State,
540aea8941ce4304a1c7cd657235c3a7,Saipan,
540aea8941ce4304a1c7cd657235c3a7,Tinian,
540aea8941ce4304a1c7cd657235c3a7,Rota,
540aea8941ce4304a1c7cd657235c3a7,Guam,
96bb411c3135498fb01148016dbae3dc,Guam,
e8190c678a344adcb5adee313a51ab55,Republic of Palau,
e8190c678a344adcb5adee313a51ab55,Yap State,
e8190c678a344adcb5adee313a51ab55,Chuuk State,
e8190c678a344adcb5adee313a51ab55,Pohnpei State,
e8190c678a344adcb5adee313a51ab55,Saipan,
e8190c678a344adcb5adee313a51ab55,Tinian,
e8190c678a344adcb5adee313a51ab55,Rota,
e8190c678a344adcb5adee313a51ab55,Guam,
bbc7ba8d5b234dd08de152d64e3e1ffc,Republic of Palau,
6dd19c77e0ba4cb4badbfe1250d8b0e7,Chuuk State,new island record
6dd19c77e0ba4cb4badbfe1250d8b0e7,Pohnpei State,new island record
6dd19c77e0ba4cb4badbfe1250d8b0e7,Kosrae State,
6dd19c77e0ba4cb4badbfe1250d8b0e7,Guam,
b99aa7819e8b4fd98725a1897141f9cb,Republic of Palau,
6dfa5377b4a34a26b1d323832e41a143,Saipan,
6dfa5377b4a34a26b1d323832e41a143,Tinian,
6dfa5377b4a34a26b1d323832e41a143,Rota,
6dfa5377b4a34a26b1d323832e41a143,Guam,
fa78b5d514344f5da0adc7de7351e3e9,Chuuk State,
fa78b5d514344f5da0adc7de7351e3e9,Pohnpei State,
9702fcba89b047afafffcad25ff058c3,Pohnpei State,
9702fcba89b047afafffcad25ff058c3,Saipan,
f2968d50bf6b489bbce05cc51ee2744c,Chuuk State,
f2968d50bf6b489bbce05cc51ee2744c,Pohnpei State,
f2968d50bf6b489bbce05cc51ee2744c,Saipan,
f2968d50bf6b489bbce05cc51ee2744c,Tinian,
f2968d50bf6b489bbce05cc51ee2744c,Rota,
f2968d50bf6b489bbce05cc51ee2744c,Guam,
b10fe1569a7b402595dd8d16f21acf5f,Republic of Palau,
b10fe1569a7b402595dd8d16f21acf5f,Chuuk State,
b10fe1569a7b402595dd8d16f21acf5f,Saipan,
b10fe1569a7b402595dd8d16f21acf5f,Tinian,
b10fe1569a7b402595dd8d16f21acf5f,Rota,
b10fe1569a7b402595dd8d16f21acf5f,Guam,
d15e4dc80072477c8626cd75b6ba8caf,Republic of Palau,
d15e4dc80072477c8626cd75b6ba8caf,Chuuk State,
d15e4dc80072477c8626cd75b6ba8caf,Pohnpei State,
d15e4dc80072477c8626cd75b6ba8caf,Kosrae State,
d15e4dc80072477c8626cd75b6ba8caf,Saipan,
d15e4dc80072477c8626cd75b6ba8caf,Tinian,
d15e4dc80072477c8626cd75b6ba8caf,Rota,
d15e4dc80072477c8626cd75b6ba8caf,Guam,
e0923e8ea52e4d4c924936815a9ca7fd,Guam,
a54bae5c2340491da6541c587f87c78d,Guam,
8b1223a9a6ee46afbe656ef771fbd1e9,Guam,
522f840b556543bf8c4a0d99ea84ecb7,Saipan,
522f840b556543bf8c4a0d99ea84ecb7,Tinian,
522f840b556543bf8c4a0d99ea84ecb7,Rota,
522f840b556543bf8c4a0d99ea84ecb7,Guam,
350a91fa220c496787c02a5ef7a8a973,Saipan,
350a91fa220c496787c02a5ef7a8a973,Tinian,
350a91fa220c496787c02a5ef7a8a973,Rota,
350a91fa220c496787c02a5ef7a8a973,Guam,
240d7e2dcfae4ed38bb79f34b320ee3c,Republic of Palau,
240d7e2dcfae4ed38bb79f34b320ee3c,Guam,
a5712d02a7cf4763ac2676912fcaa021,Republic of Palau,
a5712d02a7cf4763ac2676912fcaa021,Yap State,
a5712d02a7cf4763ac2676912fcaa021,Mariana Islands,
a4208f9a5914405f9bdb6320de8e514d,Republic of Palau,
a4208f9a5914405f9bdb6320de8e514d,Saipan,
a4208f9a5914405f9bdb6320de8e514d,Tinian,
a4208f9a5914405f9bdb6320de8e514d,Rota,
a4208f9a5914405f9bdb6320de8e514d,Guam,
e17998d20e23445a8534e43419bc4937,Guam,
89d835cba33e448b95bcd7df261e345b,Guam,
d4bb31d4de7e43bab47c44bff5822182,Republic of Palau,
d4bb31d4de7e43bab47c44bff5822182,Yap State,
d4bb31d4de7e43bab47c44bff5822182,Chuuk State,
d4bb31d4de7e43bab47c44bff5822182,Saipan,
d4bb31d4de7e43bab47c44bff5822182,Tinian,
d4bb31d4de7e43bab47c44bff5822182,Rota,
d4bb31d4de7e43bab47c44bff5822182,Guam,
a155aa292b224f35a415febd382a49ee,Guam,
ba21f2192d084b7ba10191f3e8d4a982,Republic of Palau,
60582200ab5140b78c2b34fff13cb4cf,Chuuk State,
c2f27c0d5e724156b0548363a1894a86,Republic of Palau,
9a933624fd7745749e71d66497adad89,Republic of Palau,
9a933624fd7745749e71d66497adad89,Yap State,
9a933624fd7745749e71d66497adad89,Saipan,
9a933624fd7745749e71d66497adad89,Tinian,
9a933624fd7745749e71d66497adad89,Rota,
9a933624fd7745749e71d66497adad89,Guam,
93fbbe5348ae4b75abaf151da55e1089,Yap State,
93fbbe5348ae4b75abaf151da55e1089,Saipan,
93fbbe5348ae4b75abaf151da55e1089,Tinian,
93fbbe5348ae4b75abaf151da55e1089,Rota,
93fbbe5348ae4b75abaf151da55e1089,Guam,
ca57386786f14170a32c6818ee739e21,Republic of Palau,new island record
ca57386786f14170a32c6818ee739e21,Saipan,
ca57386786f14170a32c6818ee739e21,Tinian,
ca57386786f14170a32c6818ee739e21,Rota,
ca57386786f14170a32c6818ee739e21,Guam,
2a4e8321f6f44996a200d28cb3a69c52,Chuuk State,
1a977e5c55f044ed8741172573988a15,Guam,
e450c2ffead04332a62d4984af95e263,Chuuk State,
e450c2ffead04332a62d4984af95e263,Pohnpei State,
e450c2ffead04332a62d4984af95e263,Guam,
bebd50d2a13e4cd5891a1d3c548449f1,Republic of Palau,
bebd50d2a13e4cd5891a1d3c548449f1,Saipan,
bebd50d2a13e4cd5891a1d3c548449f1,Tinian,
bebd50d2a13e4cd5891a1d3c548449f1,Rota,
bebd50d2a13e4cd5891a1d3c548449f1,Guam,
f24bf56faca5493399f0147828c6f2a9,Guam,
17d6fd0ccae0409fafbe5620001e87ef,Guam,
62db2e8db69d42199acefde07ea30f19,Saipan,
62db2e8db69d42199acefde07ea30f19,Tinian,
62db2e8db69d42199acefde07ea30f19,Rota,
62db2e8db69d42199acefde07ea30f19,Guam,
e746b57870474bc18e07ef39e28c2d9f,Republic of Palau,
e746b57870474bc18e07ef39e28c2d9f,Yap State,
0506cea30d054cecb0c735914f912647,Saipan,
528d607a59764e8eb4483b3389f8858d,Guam,
00a53b065ccd4ea7b2d1d9044b6ff39a,Yap State,
00a53b065ccd4ea7b2d1d9044b6ff39a,Kosrae State,
c129e1b271304caf950a6485509756df,Kosrae State,
1d9b0d252efb454ea7fe88d19b18545c,Saipan,
1d9b0d252efb454ea7fe88d19b18545c,Tinian,
1d9b0d252efb454ea7fe88d19b18545c,Rota,
ca3de76c2d05441c82a1b97518985eba,Guam,
4143596420004d559ee270fbf5b0c6e3,Saipan,
4143596420004d559ee270fbf5b0c6e3,Tinian,
4143596420004d559ee270fbf5b0c6e3,Rota,
4143596420004d559ee270fbf5b0c6e3,Guam,
180bb00c2e7445a0872849c6e1bc7186,Republic of Palau,
180bb00c2e7445a0872849c6e1bc7186,Saipan,
180bb00c2e7445a0872849c6e1bc7186,Tinian,
180bb00c2e7445a0872849c6e1bc7186,Rota,
180bb00c2e7445a0872849c6e1bc7186,Guam,
176e55085bc242c8a3a3045b06b605cb,Republic of Palau,
176e55085bc242c8a3a3045b06b605cb,Pohnpei State,new island record
176e55085bc242c8a3a3045b06b605cb,Guam,
9b9a2b1e533443bba4658a5ab164a3ed,Guam,
6eb51782a92f4f9ca4281bd06086ff69,Republic of Palau,
10f06b1ca6f7471a97c69b448c277420,Guam,
d7b0a2a9a6174bda9c28c6ee9d60d218,Chuuk State,
d7b0a2a9a6174bda9c28c6ee9d60d218,Pohnpei State,
2ed53fd4285d4457907f2a1abb76f2a6,Saipan,
2ed53fd4285d4457907f2a1abb76f2a6,Tinian,
2ed53fd4285d4457907f2a1abb76f2a6,Rota,
2ed53fd4285d4457907f2a1abb76f2a6,Guam,
d9e6c00cdb2944a294fb4613d2ebfef2,Kosrae State,
d9e6c00cdb2944a294fb4613d2ebfef2,Saipan,
d9e6c00cdb2944a294fb4613d2ebfef2,Tinian,
d9e6c00cdb2944a294fb4613d2ebfef2,Rota,
d9e6c00cdb2944a294fb4613d2ebfef2,Guam,
5f3744cb2ca747888b6d783675e5a9a4,Guam,
d03d52aed4994be7b67c09ee929741d0,Saipan,
d03d52aed4994be7b67c09ee929741d0,Tinian,
d03d52aed4994be7b67c09ee929741d0,Rota,
d03d52aed4994be7b67c09ee929741d0,Guam,
7d23725f5d334abc8bc33ab615891a73,Guam,
487d8738e450415daaad262bb8f956e6,Guam,
c23fe3d6a4fa435eacc4a31a14dc3e06,Guam,
37686d2704ca415b9c9021c89daf0e53,Saipan,
37686d2704ca415b9c9021c89daf0e53,Tinian,
37686d2704ca415b9c9021c89daf0e53,Rota,
eb468c2d56fa49258fe08e55bd92db4b,Guam,
0c7f45cfdda744649fdbfef23ed61be7,Guam,
9da974d3b59447eca9e092529d2c25fd,Saipan,
9da974d3b59447eca9e092529d2c25fd,Tinian,
9da974d3b59447eca9e092529d2c25fd,Rota,
9da974d3b59447eca9e092529d2c25fd,Guam,
3cb6ac11623c4026a74672067475cadc,Pohnpei State,
f370f7a9267047a58aa88b3f136f9cc8,Guam,
42d365bfaec84ddebdfc1591debd4d24,Yap State,new island record
42d365bfaec84ddebdfc1591debd4d24,Chuuk State,
42d365bfaec84ddebdfc1591debd4d24,Pohnpei State,new island record
42d365bfaec84ddebdfc1591debd4d24,Kosrae State,new island record
42d365bfaec84ddebdfc1591debd4d24,Saipan,
42d365bfaec84ddebdfc1591debd4d24,Tinian,
42d365bfaec84ddebdfc1591debd4d24,Rota,
42d365bfaec84ddebdfc1591debd4d24,Guam,
2b984f9d528541019e3474ef3943495f,Pohnpei State,new island record
72bf65cb92084c7bb8369e1ad930376f,Republic of Palau,
72bf65cb92084c7bb8369e1ad930376f,Chuuk State,new island record
72bf65cb92084c7bb8369e1ad930376f,Pohnpei State,
2acc6321150340f7831524a7456bbbbd,Yap State,new island record
2acc6321150340f7831524a7456bbbbd,Chuuk State,
2acc6321150340f7831524a7456bbbbd,Pohnpei State,
2acc6321150340f7831524a7456bbbbd,Saipan,
6b1db04fe36345e0a7ec81c557d29a16,Republic of Palau,
6b1db04fe36345e0a7ec81c557d29a16,Pohnpei State,
0a4be04aa83f4948941e46720a45d442,Kosrae State,
13941d00d1f5439fad2da75c752d4811,Saipan,
13941d00d1f5439fad2da75c752d4811,Tinian,
13941d00d1f5439fad2da75c752d4811,Rota,
13941d00d1f5439fad2da75c752d4811,Guam,
e9a555b121f543ea8638cb448c1b8c62,Kosrae State,
c43e4c6de26f4996ac55f706f0bfab5d,Guam,
d7e5f1a9d26c487fb90186777642e4b9,Republic of Palau,
d7e5f1a9d26c487fb90186777642e4b9,Yap State,new island record
d7e5f1a9d26c487fb90186777642e4b9,Saipan,
d7e5f1a9d26c487fb90186777642e4b9,Tinian,
d7e5f1a9d26c487fb90186777642e4b9,Rota,
d7e5f1a9d26c487fb90186777642e4b9,Guam,
af43d66af7bc4f7eabc230919a193882,Republic of Palau,
af43d66af7bc4f7eabc230919a193882,Yap State,
af43d66af7bc4f7eabc230919a193882,Saipan,
af43d66af7bc4f7eabc230919a193882,Tinian,
af43d66af7bc4f7eabc230919a193882,Rota,
af43d66af7bc4f7eabc230919a193882,Guam,
920883a09710426095aa1022fb73d5f3,Republic of Palau,
920883a09710426095aa1022fb73d5f3,Yap State,
920883a09710426095aa1022fb73d5f3,Saipan,
920883a09710426095aa1022fb73d5f3,Tinian,
920883a09710426095aa1022fb73d5f3,Rota,
7507740701a54eb0a7e38a0fa46faec2,Guam,
f1a929830df04f538a49225edce2ba39,Guam,
1ef2f8970be540bf8553a5d216c89789,Republic of Palau,
1ef2f8970be540bf8553a5d216c89789,Yap State,
1ef2f8970be540bf8553a5d216c89789,Pohnpei State,
1ef2f8970be540bf8553a5d216c89789,Saipan,
1ef2f8970be540bf8553a5d216c89789,Tinian,
1ef2f8970be540bf8553a5d216c89789,Rota,
1ef2f8970be540bf8553a5d216c89789,Guam,
1aa273809544409c8dba8975ca6f8aeb,Republic of Palau,
1aa273809544409c8dba8975ca6f8aeb,Yap State,
1aa273809544409c8dba8975ca6f8aeb,Chuuk State,
1aa273809544409c8dba8975ca6f8aeb,Pohnpei State,
1aa273809544409c8dba8975ca6f8aeb,Saipan,
1aa273809544409c8dba8975ca6f8aeb,Tinian,
1aa273809544409c8dba8975ca6f8aeb,Rota,
1aa273809544409c8dba8975ca6f8aeb,Guam,
dd453527aeda487492c08d236ddd0cff,Republic of Palau,
dd453527aeda487492c08d236ddd0cff,Yap State,
dd453527aeda487492c08d236ddd0cff,Chuuk State,
dd453527aeda487492c08d236ddd0cff,Pohnpei State,
dd453527aeda487492c08d236ddd0cff,Saipan,
dd453527aeda487492c08d236ddd0cff,Tinian,
dd453527aeda487492c08d236ddd0cff,Rota,
dd453527aeda487492c08d236ddd0cff,Guam,
09c36f1e6a5743ef8acaaf37931e65d3,Republic of Palau,
09c36f1e6a5743ef8acaaf37931e65d3,Yap State,
09c36f1e6a5743ef8acaaf37931e65d3,Saipan,
09c36f1e6a5743ef8acaaf37931e65d3,Tinian,
09c36f1e6a5743ef8acaaf37931e65d3,Rota,
09c36f1e6a5743ef8acaaf37931e65d3,Guam,
e31d0a64b60d474096a7443702d7eab7,Republic of Palau,
e31d0a64b60d474096a7443702d7eab7,Yap State,
e31d0a64b60d474096a7443702d7eab7,Chuuk State,
e31d0a64b60d474096a7443702d7eab7,Pohnpei State,
e31d0a64b60d474096a7443702d7eab7,Saipan,
e31d0a64b60d474096a7443702d7eab7,Tinian,
e31d0a64b60d474096a7443702d7eab7,Rota,
e31d0a64b60d474096a7443702d7eab7,Guam,
da9aee52fc4142f1841cab502b1a656a,Republic of Palau,
da9aee52fc4142f1841cab502b1a656a,Yap State,
da9aee52fc4142f1841cab502b1a656a,Saipan,
da9aee52fc4142f1841cab502b1a656a,Tinian,
da9aee52fc4142f1841cab502b1a656a,Rota,
da9aee52fc4142f1841cab502b1a656a,Guam,
dcab2d69764242d8b874df3736661d11,Republic of Palau,
dcab2d69764242d8b874df3736661d11,Saipan,
dcab2d69764242d8b874df3736661d11,Tinian,
dcab2d69764242d8b874df3736661d11,Rota,
dcab2d69764242d8b874df3736661d11,Guam,
b857c38045b7462a80cdf5605c6d7c34,Republic of Palau,
b857c38045b7462a80cdf5605c6d7c34,Yap State,
b857c38045b7462a80cdf5605c6d7c34,Chuuk State,
b857c38045b7462a80cdf5605c6d7c34,Pohnpei State,
b857c38045b7462a80cdf5605c6d7c34,Kosrae State,
b857c38045b7462a80cdf5605c6d7c34,Saipan,
b857c38045b7462a80cdf5605c6d7c34,Tinian,
b857c38045b7462a80cdf5605c6d7c34,Rota,
b857c38045b7462a80cdf5605c6d7c34,Guam,
d420f0d9c3594e30aa0eab06af13a6fc,Chuuk State,
d420f0d9c3594e30aa0eab06af13a6fc,Pohnpei State,
d420f0d9c3594e30aa0eab06af13a6fc,Kosrae State,
d420f0d9c3594e30aa0eab06af13a6fc,Saipan,
d420f0d9c3594e30aa0eab06af13a6fc,Tinian,
d420f0d9c3594e30aa0eab06af13a6fc,Rota,
d420f0d9c3594e30aa0eab06af13a6fc,Guam,
6c143f3beec04c8dba1e38485808e111,Republic of Palau,new island record
6c143f3beec04c8dba1e38485808e111,Saipan,
6c143f3beec04c8dba1e38485808e111,Tinian,
6c143f3beec04c8dba1e38485808e111,Rota,
d2933b27baaa42c181c4a5abb1c8b8ea,Saipan,
d2933b27baaa42c181c4a5abb1c8b8ea,Tinian,
d2933b27baaa42c181c4a5abb1c8b8ea,Rota,
d2933b27baaa42c181c4a5abb1c8b8ea,Guam,
5f1d296999c54953848bb2174551e3a1,Saipan,
5f1d296999c54953848bb2174551e3a1,Tinian,
5f1d296999c54953848bb2174551e3a1,Rota,
5f1d296999c54953848bb2174551e3a1,Guam,
8fd5d707b87a437ca184b600065032a9,Yap State,new island record
8fd5d707b87a437ca184b600065032a9,Chuuk State,new island record
8fd5d707b87a437ca184b600065032a9,Pohnpei State,new island record
8fd5d707b87a437ca184b600065032a9,Kosrae State,new island record
695bff7afef74cdd995b75e90af0c394,Chuuk State,
695bff7afef74cdd995b75e90af0c394,Pohnpei State,
695bff7afef74cdd995b75e90af0c394,Kosrae State,
bd10e968b4f24eb3be340b83e37a9366,Saipan,
bd10e968b4f24eb3be340b83e37a9366,Tinian,
bd10e968b4f24eb3be340b83e37a9366,Rota,
4224889cbb4948df860238110b989b87,Guam,
6ab18bef7ff742208935e7fcd204460b,Republic of Palau,
afe98b9a50ec44518c1dc0ba7311c0bc,Guam,
deef9c829cc04a3da39a6385a25592e2,Pohnpei State,
deef9c829cc04a3da39a6385a25592e2,Guam,
3ad0f34974c448a08e65bc4acaf74fd6,Republic of Palau,
cb11c01f864e4d8ca49529c5b4726587,Chuuk State,new island record
cb11c01f864e4d8ca49529c5b4726587,Pohnpei State,new island record
cb11c01f864e4d8ca49529c5b4726587,Guam,
2a6ef889698c400e8947f0ec0ca71dd4,Guam,
a051653c7e56467197ca0e4075a3e86b,Saipan,
a051653c7e56467197ca0e4075a3e86b,Tinian,
a051653c7e56467197ca0e4075a3e86b,Rota,
a051653c7e56467197ca0e4075a3e86b,Guam,
01563a623e7e4383b00b92e2bf8c7ca1,Republic of Palau,
01563a623e7e4383b00b92e2bf8c7ca1,Chuuk State,
01563a623e7e4383b00b92e2bf8c7ca1,Pohnpei State,
2a9229350ded409b87e50f2d78f50ea1,Republic of Palau,
2a9229350ded409b87e50f2d78f50ea1,Yap State,
2a9229350ded409b87e50f2d78f50ea1,Pohnpei State,
2a9229350ded409b87e50f2d78f50ea1,Kosrae State,
2a9229350ded409b87e50f2d78f50ea1,Saipan,
2a9229350ded409b87e50f2d78f50ea1,Tinian,
2a9229350ded409b87e50f2d78f50ea1,Rota,
2a9229350ded409b87e50f2d78f50ea1,Guam,
20823727991f44c28570074ebc0e3c3a,Republic of Palau,
20823727991f44c28570074ebc0e3c3a,Yap State,
20823727991f44c28570074ebc0e3c3a,Saipan,
20823727991f44c28570074ebc0e3c3a,Tinian,
20823727991f44c28570074ebc0e3c3a,Rota,
20823727991f44c28570074ebc0e3c3a,Guam,
28866c8e278142c292564957f9699b43,Republic of Palau,
28866c8e278142c292564957f9699b43,Mariana Islands,
667485c35b0c457a92d279b552b235a1,Guam,
af66a91a2274407387199e6587492ae3,Saipan,
af66a91a2274407387199e6587492ae3,Tinian,
af66a91a2274407387199e6587492ae3,Rota,
2c75ed87e8a240bbb50a0857a73eaac1,Saipan,
2c75ed87e8a240bbb50a0857a73eaac1,Tinian,
2c75ed87e8a240bbb50a0857a73eaac1,Rota,
2c75ed87e8a240bbb50a0857a73eaac1,Guam,
6ed4c73b123b4caa90ee200bacab7025,Saipan,
6ed4c73b123b4caa90ee200bacab7025,Tinian,
6ed4c73b123b4caa90ee200bacab7025,Rota,
6ed4c73b123b4caa90ee200bacab7025,Guam,
19993a72fcd24723822132cd8dfe4ff6,Pohnpei State,
19993a72fcd24723822132cd8dfe4ff6,Saipan,
19993a72fcd24723822132cd8dfe4ff6,Tinian,
19993a72fcd24723822132cd8dfe4ff6,Rota,
19993a72fcd24723822132cd8dfe4ff6,Guam,
0dbfb57d20ef433d938c480edc47770a,Guam,
2a465d1644e44d2b97d192b30ac184fa,Yap State,
2a465d1644e44d2b97d192b30ac184fa,Saipan,
2a465d1644e44d2b97d192b30ac184fa,Tinian,
2a465d1644e44d2b97d192b30ac184fa,Rota,
2a465d1644e44d2b97d192b30ac184fa,Guam,
1d5d00a647bb4de4855d75e35375ccf1,Republic of Palau,
1d5d00a647bb4de4855d75e35375ccf1,Yap State,
1d5d00a647bb4de4855d75e35375ccf1,Chuuk State,
1d5d00a647bb4de4855d75e35375ccf1,Saipan,
1d5d00a647bb4de4855d75e35375ccf1,Tinian,
1d5d00a647bb4de4855d75e35375ccf1,Rota,
1d5d00a647bb4de4855d75e35375ccf1,Guam,
4b9c9883fb2c469f85c3a11c03562888,Republic of Palau,
4b9c9883fb2c469f85c3a11c03562888,Pohnpei State,
4b9c9883fb2c469f85c3a11c03562888,Guam,
d354b2c452204ee1a9fc3fab810c79da,Republic of Palau,
d354b2c452204ee1a9fc3fab810c79da,Yap State,
d354b2c452204ee1a9fc3fab810c79da,Saipan,
d354b2c452204ee1a9fc3fab810c79da,Tinian,
d354b2c452204ee1a9fc3fab810c79da,Rota,
d354b2c452204ee1a9fc3fab810c79da,Guam,
977d9b1980b249c4a021b877b2a0c965,Republic of Palau,
977d9b1980b249c4a021b877b2a0c965,Yap State,
66240662bfea4496b1c52bb524dd05d5,Republic of Palau,
66240662bfea4496b1c52bb524dd05d5,Pohnpei State,
66240662bfea4496b1c52bb524dd05d5,Saipan,
66240662bfea4496b1c52bb524dd05d5,Tinian,
66240662bfea4496b1c52bb524dd05d5,Rota,
66240662bfea4496b1c52bb524dd05d5,Guam,
d50a1033c8c3457da3a31dd7e94a823c,Guam,
a86d59152212404d8a2d72397f25cf95,Guam,
10154f80e803421990ef798a0007376e,Guam,
cb92eeb7ede24cd7a53b438c3d29834e,Guam,
6857f674ffd044ec99d7003d96cc38c7,Saipan,
6857f674ffd044ec99d7003d96cc38c7,Tinian,
6857f674ffd044ec99d7003d96cc38c7,Rota,
6857f674ffd044ec99d7003d96cc38c7,Guam,
ab68ce2cbe6344c58b083af33c38c891,Yap State,
ab68ce2cbe6344c58b083af33c38c891,Saipan,
ab68ce2cbe6344c58b083af33c38c891,Tinian,
ab68ce2cbe6344c58b083af33c38c891,Rota,
ab68ce2cbe6344c58b083af33c38c891,Guam,
3b15a6328ad64c3f87f0bd6c7009f8d2,Guam,
b4664142f6c54647bb043104d701cf91,Republic of Palau,
622d735e88d34634adf753e3bd501d8c,Republic of Palau,
0a35715070ef40ff9aa4c25f6aa10c53,Chuuk State,
0a35715070ef40ff9aa4c25f6aa10c53,Pohnpei State,
d4dfb79f978947fca95dd81f81910be6,Republic of Palau,
94fa55d5e57c48cf83147eb4942132b0,Saipan,
94fa55d5e57c48cf83147eb4942132b0,Tinian,
94fa55d5e57c48cf83147eb4942132b0,Rota,
94fa55d5e57c48cf83147eb4942132b0,Guam,
c17c651f25c14882a802eeaa5a49ce34,Saipan,
c17c651f25c14882a802eeaa5a49ce34,Tinian,
c17c651f25c14882a802eeaa5a49ce34,Rota,
c17c651f25c14882a802eeaa5a49ce34,Guam,
c54141629a5049eda7034c18a7f98f05,Chuuk State,
c54141629a5049eda7034c18a7f98f05,Pohnpei State,
c54141629a5049eda7034c18a7f98f05,Kosrae State,
c54141629a5049eda7034c18a7f98f05,Guam,
df5fd44c346748dd8645ea8ae2acb5ee,Saipan,
df5fd44c346748dd8645ea8ae2acb5ee,Tinian,
df5fd44c346748dd8645ea8ae2acb5ee,Rota,
df5fd44c346748dd8645ea8ae2acb5ee,Guam,
41747cf65b28499287475fb6f406ddfc,Pohnpei State,
87c2b42cc92348ff8b01934faccd4179,Saipan,
87c2b42cc92348ff8b01934faccd4179,Tinian,
87c2b42cc92348ff8b01934faccd4179,Rota,
87c2b42cc92348ff8b01934faccd4179,Guam,
7862869d897d45abb0b5149be1d96507,Chuuk State,
dfcf5fc7521d41b98605ffe6bd473e0d,Pohnpei State,
d20fa90f4cf143919583646e666c9c0b,Republic of Palau,
1aa743b487664ac6a1529c64a7d7761b,Chuuk State,
1aa743b487664ac6a1529c64a7d7761b,Saipan,
1aa743b487664ac6a1529c64a7d7761b,Tinian,
1aa743b487664ac6a1529c64a7d7761b,Rota,
1aa743b487664ac6a1529c64a7d7761b,Guam,
1c31133ac75b4713a656aa2e84f30035,Republic of Palau,
c7682dd3b16d49b1bc6087545c5000d9,Saipan,
c7682dd3b16d49b1bc6087545c5000d9,Tinian,
c7682dd3b16d49b1bc6087545c5000d9,Rota,
c7682dd3b16d49b1bc6087545c5000d9,Guam,
45c51a0d3dcc4a40b18ebfed4d15d881,Republic of Palau,
07233fb45dc94974a2a04af79695a123,Pohnpei State,
2b3e7a6b72f3475abdd95d80a094cc3e,Saipan,
2b3e7a6b72f3475abdd95d80a094cc3e,Tinian,
2b3e7a6b72f3475abdd95d80a094cc3e,Rota,
2b3e7a6b72f3475abdd95d80a094cc3e,Guam,
739fdd4b8ea04afeafae0fc3603c23f8,Kosrae State,
f76df2ee3da34032947394a6f7d4c232,Republic of Palau,
f76df2ee3da34032947394a6f7d4c232,Yap State,
f76df2ee3da34032947394a6f7d4c232,Chuuk State,
f76df2ee3da34032947394a6f7d4c232,Pohnpei State,
f76df2ee3da34032947394a6f7d4c232,Saipan,
f76df2ee3da34032947394a6f7d4c232,Tinian,
f76df2ee3da34032947394a6f7d4c232,Rota,
f76df2ee3da34032947394a6f7d4c232,Guam,
1dce40d66eb64ea4aa5f9692669efb5d,Republic of Palau,
1dce40d66eb64ea4aa5f9692669efb5d,Yap State,
1dce40d66eb64ea4aa5f9692669efb5d,Chuuk State,
1dce40d66eb64ea4aa5f9692669efb5d,Pohnpei State,
1dce40d66eb64ea4aa5f9692669efb5d,Kosrae State,
1dce40d66eb64ea4aa5f9692669efb5d,Guam,
dec9625df6c84029b27c5586bfa67f48,Republic of Palau,
dec9625df6c84029b27c5586bfa67f48,Yap State,
dec9625df6c84029b27c5586bfa67f48,Chuuk State,
dec9625df6c84029b27c5586bfa67f48,Kosrae State,
dec9625df6c84029b27c5586bfa67f48,Saipan,
dec9625df6c84029b27c5586bfa67f48,Tinian,
dec9625df6c84029b27c5586bfa67f48,Rota,
dec9625df6c84029b27c5586bfa67f48,Guam,
157976c2df464b74ba1099cd56055646,Guam,
c7ad1c916c7141418cce4540e6fc0228,Republic of Palau,
c7ad1c916c7141418cce4540e6fc0228,Guam,
750fb9fbe9944cfab5be0426031ff5ca,Republic of Palau,
27a172f8910044c7adec7043f6344d3a,Guam,
49a2315fbfb74a929929da1ac6c49cab,Republic of Palau,
49a2315fbfb74a929929da1ac6c49cab,Saipan,
49a2315fbfb74a929929da1ac6c49cab,Tinian,
49a2315fbfb74a929929da1ac6c49cab,Rota,
49a2315fbfb74a929929da1ac6c49cab,Guam,
a7eb60a54fb04128a6a8989041a88862,Republic of Palau,
97cd7457d2ba46aca91aa2a4faba634e,Republic of Palau,
97cd7457d2ba46aca91aa2a4faba634e,Yap State,
97cd7457d2ba46aca91aa2a4faba634e,Saipan,
97cd7457d2ba46aca91aa2a4faba634e,Tinian,
97cd7457d2ba46aca91aa2a4faba634e,Rota,
97cd7457d2ba46aca91aa2a4faba634e,Guam,
95499ae30613422ca5ab1dc739d627d2,Saipan,
95499ae30613422ca5ab1dc739d627d2,Tinian,
95499ae30613422ca5ab1dc739d627d2,Rota,
95499ae30613422ca5ab1dc739d627d2,Guam,
60a82ebf57fd410ea2e336025cacb374,Republic of Palau,
60a82ebf57fd410ea2e336025cacb374,Yap State,
1c0a64a5a3974bcea14647ae1ca82ed7,Yap State,
7009b818af5046bd86778877bfd2f264,Republic of Palau,
7009b818af5046bd86778877bfd2f264,Yap State,
7009b818af5046bd86778877bfd2f264,Chuuk State,
7009b818af5046bd86778877bfd2f264,Saipan,
7009b818af5046bd86778877bfd2f264,Tinian,
7009b818af5046bd86778877bfd2f264,Rota,
7009b818af5046bd86778877bfd2f264,Guam,
4764e8bc706a478fbeddabfdff29b9df,Chuuk State,
da8b54b6025041aebdc095ebadad7ff6,Saipan,
da8b54b6025041aebdc095ebadad7ff6,Tinian,
da8b54b6025041aebdc095ebadad7ff6,Rota,
da8b54b6025041aebdc095ebadad7ff6,Guam,
7b54a50ffd2b43829e1ffefe706a2584,Republic of Palau,
7b54a50ffd2b43829e1ffefe706a2584,Yap State,
7b54a50ffd2b43829e1ffefe706a2584,Chuuk State,
7b54a50ffd2b43829e1ffefe706a2584,Pohnpei State,
7b54a50ffd2b43829e1ffefe706a2584,Saipan,
7b54a50ffd2b43829e1ffefe706a2584,Tinian,
7b54a50ffd2b43829e1ffefe706a2584,Rota,
7b54a50ffd2b43829e1ffefe706a2584,Guam,
0444e0dc9add4c26bd1d738dc9262d20,Republic of Palau,
658efe160c6049dc8faf9a90a729e760,Republic of Palau,
658efe160c6049dc8faf9a90a729e760,Yap State,
658efe160c6049dc8faf9a90a729e760,Chuuk State,
658efe160c6049dc8faf9a90a729e760,Saipan,
658efe160c6049dc8faf9a90a729e760,Tinian,
658efe160c6049dc8faf9a90a729e760,Rota,
658efe160c6049dc8faf9a90a729e760,Guam,
df29f546323f436f904540c8b83e3fd0,Guam,
9200b52017ca4d5d913740eeacea7ba7,Republic of Palau,
9200b52017ca4d5d913740eeacea7ba7,Yap State,new island record
9200b52017ca4d5d913740eeacea7ba7,Chuuk State,
9200b52017ca4d5d913740eeacea7ba7,Pohnpei State,new island record
9200b52017ca4d5d913740eeacea7ba7,Saipan,
9200b52017ca4d5d913740eeacea7ba7,Tinian,
9200b52017ca4d5d913740eeacea7ba7,Rota,
9200b52017ca4d5d913740eeacea7ba7,Guam,
c7504dd2a8f74f789ae1009ac8decd00,Saipan,
c7504dd2a8f74f789ae1009ac8decd00,Tinian,
c7504dd2a8f74f789ae1009ac8decd00,Rota,
c7504dd2a8f74f789ae1009ac8decd00,Guam,
9a7ab749bb804ce7ac4752bab05ce510,Guam,
afdcea55b276410298e9aa0e1c3582da,Republic of Palau,
343868eb91af449c8485c630e397b986,Republic of Palau,
343868eb91af449c8485c630e397b986,Chuuk State,
343868eb91af449c8485c630e397b986,Pohnpei State,
a635c7e7a86b4d70886068874f2639ac,Republic of Palau,
a635c7e7a86b4d70886068874f2639ac,Yap State,
a635c7e7a86b4d70886068874f2639ac,Chuuk State,
a635c7e7a86b4d70886068874f2639ac,Pohnpei State,
a635c7e7a86b4d70886068874f2639ac,Kosrae State,
a635c7e7a86b4d70886068874f2639ac,Saipan,
a635c7e7a86b4d70886068874f2639ac,Tinian,
a635c7e7a86b4d70886068874f2639ac,Rota,
a635c7e7a86b4d70886068874f2639ac,Guam,
bcfdd0adbe7344c09cd273cbee9f2362,Guam,
9ff4ceefd18c4952a8c1e4748485d90e,Guam,
fbbcc90fff7a428cb72b08117a10e2a1,Pohnpei State,
e0e95cca067841feb6c34cbc827bb176,Republic of Palau,
e0e95cca067841feb6c34cbc827bb176,Yap State,
e0e95cca067841feb6c34cbc827bb176,Chuuk State,
e0e95cca067841feb6c34cbc827bb176,Pohnpei State,
e0e95cca067841feb6c34cbc827bb176,Kosrae State,
e0e95cca067841feb6c34cbc827bb176,Saipan,
e0e95cca067841feb6c34cbc827bb176,Tinian,
e0e95cca067841feb6c34cbc827bb176,Rota,
e0e95cca067841feb6c34cbc827bb176,Guam,
3d6cced3408d408aa0b56b6b5e63f617,Republic of Palau,
3d6cced3408d408aa0b56b6b5e63f617,Saipan,
3d6cced3408d408aa0b56b6b5e63f617,Tinian,
3d6cced3408d408aa0b56b6b5e63f617,Rota,
3d6cced3408d408aa0b56b6b5e63f617,Guam,
14432a8b99454177b8561ba640aae578,Republic of Palau,
14432a8b99454177b8561ba640aae578,Yap State,
14432a8b99454177b8561ba640aae578,Saipan,
14432a8b99454177b8561ba640aae578,Tinian,
14432a8b99454177b8561ba640aae578,Rota,
14432a8b99454177b8561ba640aae578,Guam,
d5805140aa11481a9079a6c382663f94,Republic of Palau,
d5805140aa11481a9079a6c382663f94,Yap State,
85086eeeac3a43a3b9a97a7ff2d50bcf,Republic of Palau,
85086eeeac3a43a3b9a97a7ff2d50bcf,Chuuk State,
85086eeeac3a43a3b9a97a7ff2d50bcf,Pohnpei State,
85086eeeac3a43a3b9a97a7ff2d50bcf,Saipan,
85086eeeac3a43a3b9a97a7ff2d50bcf,Tinian,
85086eeeac3a43a3b9a97a7ff2d50bcf,Rota,
85086eeeac3a43a3b9a97a7ff2d50bcf,Guam,
545790842048408bb4201caaf12e54ce,Republic of Palau,
545790842048408bb4201caaf12e54ce,Yap State,
545790842048408bb4201caaf12e54ce,Saipan,
545790842048408bb4201caaf12e54ce,Tinian,
545790842048408bb4201caaf12e54ce,Rota,
545790842048408bb4201caaf12e54ce,Guam,
116b296a0134473dbb43ed07f809330a,Saipan,
116b296a0134473dbb43ed07f809330a,Tinian,
116b296a0134473dbb43ed07f809330a,Rota,
116b296a0134473dbb43ed07f809330a,Guam,
d4730a22d40a46f299c8ff1df4505f3c,Republic of Palau,
d4730a22d40a46f299c8ff1df4505f3c,Yap State,
d4730a22d40a46f299c8ff1df4505f3c,Pohnpei State,
d4730a22d40a46f299c8ff1df4505f3c,Saipan,
d4730a22d40a46f299c8ff1df4505f3c,Tinian,
d4730a22d40a46f299c8ff1df4505f3c,Rota,
d4730a22d40a46f299c8ff1df4505f3c,Guam,
14c9c8febc92492eb371bfc56491e33b,Republic of Palau,new island record
14c9c8febc92492eb371bfc56491e33b,Saipan,
14c9c8febc92492eb371bfc56491e33b,Tinian,
14c9c8febc92492eb371bfc56491e33b,Rota,
14c9c8febc92492eb371bfc56491e33b,Guam,
d306d95564c148a6ac36c0b50eb41b75,Guam,
338d8f3eb2404e4390c745a62c6cfbab,Guam,
22cd5092082b4ba99c8fc7baf1edc54c,Republic of Palau,
22cd5092082b4ba99c8fc7baf1edc54c,Yap State,
22cd5092082b4ba99c8fc7baf1edc54c,Chuuk State,
