ID,vernacular
876f6d22b15d4396be2b760bf415c955,Agave
17c201c8da1847929a10109237aab0f4,oriental scale
311cf11008e54e33a9259ed045b47b23,grey pineapple mealybug
66bd6c0b2d4c4a5e98eed112a44bc291,Avocado
1e02c9c91085410092b1dcfa20c2be82,weevil
e624b614b2aa46b391d01f58505b1b75,phytorus leaf beetle
370f7791cf5c41429c230bd905792365,tea shot-hole borer
9b5f09b6cdc54dc49900743d95a168cf,melon fly
f505d36396524c81af039fae6e19cd45,palm scale
880a117f68f041b59dd7fd19c3b3cb63,florida wax scale
45781c22862548c1821c8faa424feb75,long brown scale
997add7a3c7f40709c55d2853fd9e652,tessellated scale
3f20c7b3d313457fa838eeb1e0213ae4,latania scale
9a40b6a68b2a40ee8aecc0c9eca9772d,coconut scale
ff627ef1896641b8af4bfc04573754e3,long-tailed mealybug
b543bab33cf044adaaa147db5ae02e07,seychelles scale
29bd01f83d884508b1e6b3059d3d76cd,scale
d28ff028222641509fb0d5b02663d153,egyptian fluted scale
e7efe2f4a12c478299bfd8e9a81778fc,redbanded thrips
286d722383dd435083ab8b7008b4a102,Bamboo
ae9347c648da4db48a86e8253d1e5c7f,chafer beetle
753549d6c4024957add8a49e4ae3b798,bamboo longhorn
57aceabc91124f08a472d45a1fd0022f,mirid
397b8c0a648e4132b1379b6d070c4f9c,bamboo scale
44b2f9d579214517b1d549685b78b466,bamboo scale
653cb1039d1c4cbeb61be2369de78be1,bamboo scale
570f1904360c4b61b8415b95d619d08c,bamboo scale
3c934a1fd63f40d4969ce7e02a988b83,bamboo scale
268b368765e94eb18960ff7931e7e8df,bamboo scale
720a70103ac74d9b97452c8f862eebc0,Banana
c271204e1d4542f9acbfff5fd560ab64,chinese rose beetle
93b3b730ce8d44d592281add2e5ca264,banana root borer
b9f55c9a77304db3a237805d7fe8129f,banana corm weevil
6f6a31d9fd3b43b697b14b7c37b2a8f8,leaf-footed plant bug
7d3b3ec8605a47ab8417a79e09a3135d,citrus mealybug
ee7c1796b0e04fda9e515662399e790d,scale
9dcf368026a240ffaa94091f27585df6,striped mealybug
6e1477938a214c5593440e40e6e2318a,erect-winged blue plant hopper
d69744f411f542669cf28715cd9fe7f8,derbid planthopper
c2e1f058aa364ee5a8feb2b7d6ac9f18,black thread scale
b9e8566c3d0f47a79c4d81e8626f5543,mealybug
becaf5d445a942ccb83edc1411b59dd5,orchid mealybug
b9c86eb2ddf0491498ab9ca1a27fc7ae,boisduval scale
6cdebd40f62d4a1fbca64f7b70242f5e,hemispherical scale
fc58da841da64b73ae0131375cd7e346,dictyospermum scale
6582c42d3e4845f8a3fa535dc9af15c5,green scale
968834638ddf4a69ad0436aa18482ab2,brown soft scale
364ee199ca2148d8aeb8e955bb1959c4,steatococcus scale
57e2c69ddd534544afaae175b5462414,inornate scale
53622d38eec24ff5be8b937ed0c24ff8,california red scale
b555107fd7394b749f00719b99deff64,banana aphid
dd1cd70d7de64d18ac75c10c5556cd52,cotton or melon aphid
064cc43b42124fab9eec2aeb2ce20ef1,rice cutworm
ebc8da6062d04317a468b668aa05a333,banana leafroller
4571aa0d2be54390b331bfc87c2f6be8,fruit piercing moth
ce7569398335458cb6873bf17cce2638,large short-horn grasshopper
82330bde35074f599f3119454a1082f1,javanese grasshopper
21d299dcfa3b4c73aac286086edd24fc,Beans
ac89db12bd7b40eca9d190bfbc32b8be,broad mite
d5820a940b5f4f2e99d122ec913da75a,spider mite
11b4acbb79e049ccb4fa5d43ca52f456,leaf beetle
010f9071d7824ac4b56788fb7ab858fa,bean fly
219b8e67380a4eae8eabb6f82efacd3e,soybean fly
5276101f6acb4ca5beacb7dc73338322,vegetable leafminer
fc67ceb5c2de4815bf9b1dfcad5bbbbe,serpentine leafminer
3b6c32480ab94eb28375cf2c051175df,lygeid bug
89b36c438b9f4616b461c5f15d27d9ab,truk bean bug
69deda6d595d48f6b654716e6b06336a,black island stink bug
dd90de5b80054b42be14a0cbf883a5d7,southern green stink bug
aa8d183098cb41f295be17b78763a2b0,schield bug
9c04bebde35b42658388827c10f989f4,black garden fleahopper
51bedea8f649487bad3db9f7641b1b94,black stink bug
fdeb931e7e3b43a0a5f8ed2457fd9e28,green leafhopper
dc9125b4576a4feabb3035069657bdaa,eggplant horned planthopper
eec42b9f5eef4741a6301962697cb25e,leafhopper
fa186be66e564ee1a24d9d266e2fe354,sweetpotato whitefly
3bd34302aefa48229e05a89a044b10a4,green peach aphid
1aa30591b5364ae1949c96098c69225e,cowpea aphid
9a11c6cebcc8443191d65c681aafe558,bean pod borer
f8637387c8db45f1b55464e2935ea195,lawn armyworm
4767c33beffc44e6871a549228e775de,litchi fruit moth
5347c40fcd82462dabc8ec5e92a692e3,lima-bean pod borer
797149752ffb41e8ae12270fee120b2f,bean leaf-roller
57d9164cbfdb43e8835a72e9a7dd4573,melia tortricid
42217482f6e64e7db36fc23a553e87be,leaf blotch miner moth
812d25b7cb9f4623a28fff46b60e7642,plume moth
bebd2d68f5ec441899d35aa1255c33ed,sweet potato hawk moth
f6ce7616b9ca4b37b609ae31dde8b6f9,bean butterfly
20f345e3e7584b8fbfbe821c9933dde2,old world bollworm
31604965be3840b0852528c57c6dd92a,green garden looper
94725aeab51e4776ab441a77277959e6,philippine katydid
97ade7d44a9846f790f94b8ae7869c46,melon thrips
d9f6fc76d69f4c0497dce71a0d5e93ca,onion thrips
087888099bbe47579978d24e3ab37aea,Bermuda grass
3c58c57cd9fb45a79372e4428e4157e1,rhodesgrass mealybug
94f59076e84b43c596bb03d8a73b6ec5,grass leaf-folder
61253e13716a4be7a3e51319eeb401b2,Betel nut
101f870b11664a3c9a9001d6c07c3a92,New Guinea sugarcane weevil
e72dd7e3e65140b6a8793c461ae1d334,coconut shot-hole borer
48c1915f1949490f92eb396e5009d8e9,oriental flower beetle
12057a7ddcbd455a9e10bc86dd102c4a,coconut weevil
b15206d8e13441f8bace73df2518127b,coconut rhinoceros beetle
898929e63a4b45659000c14211180642,armored scale
ae06efedbe9649e1b0b71e41cd2c8cb1,scale
40675bb5e0494153836dcf6dd0f1fafb,latania aphid
e83a53540e74428db47b66d68e1d0bb2,ti scale
5ba06706422d45c79411d78fa21bde9e,pineapple mealybug
0eef4a301f2f4ee19318239a8ea4d18b,palm mealybug
0b0f265013744886931118745e61d058,proteus scale
d7b95034ac724ad4951e097781529071,mango soft scale
f3be5f2a3d7a4313b43d0ff029e6d351,fern scale
58ed3d86d6f7412084abed6c40f8be64,inday scale
b915d68dbacf44c79d69d8347a280c42,moth
2f11c5390f2c46069c472b393ae18025,moth
c8ce6e5f2abe464f8dcfacf50526af70,greenhouse thrips
e0b800b73bb84e7e899dc9fe8f22fcdf,>Breadfruit
a0ffe0f6cb574779893cb6ce8d7352b1,longhorn beetle
3fc246a411d042a981e089ef68bc0117,breadfruit twig borer weevil
2b6d685b51ec4f40aec599c6ebe087c1,breadfruit fruitfly
d7146f9252014a3598a83add440b785b,fruitfly
75d30179a97849fa8fe727dfb8398503,scale
ea3d1e3b65ea4cd3a943226b9eb393ee,coccid scale
ab5c0fd0aa5f4954a56eff73a669ac49,stellate scale
7052766edb7b480c9317d2d2f3326878,florida red scale
f1f8abc5c5d742bb97ed16907c7a80ce,white peach scale
056e823784a74508ae5ef10a9d2d745f,lilac mealybug
2ee1e1c91418425e9b3a948e5afec013,marshall mealybug
65dd3f138c7940eb932ded62b3545850,breadfruit whitefly
970468e377d14619ac1e90de73ad64dc,oleander pit scale
df41adef212b4be29c5208f1010845fc,cottony-cushion scale
7a3b90f7f2604924a9c7aaa4ff13ea24,ono breadfruit planthopper
ed256d4758024b67915a49531991c1d4,mealybug
a0b8695ea362404ba4e2984d630bb1d4,red wax scale
9548dae3640d4930b1f85bdb991948c2,Cabbages
14efb558859e4a2fbcc246a0ff865a27,cabbage serpentine leafminer
519c5b0ae5814e4d9b3728bbbc1e49f3,turnip aphid
4da9c2ad918442c5a803d8e1a74166f9,corn earworm
4da9c2ad918442c5a803d8e1a74166f9,tomato fruitworm
caa48e96def94b7294b950381fed2c8e,oriental cabbage webworm
7138fd97430347cfb30981a565cd7f11,diamondback moth
839fc372506c4b22ae8aedf1087c192b,cabbage cluster caterpillar
774871f64faa4eeda665491a325ea2e6,Cassava
ccc4deff98d247888c11b092d82b9f39,spider mite
125b6f0969154948beed00957d5f117d,spider mite
fd0b237754c44aa9a55ca71dd9b00d16,nigra scale
519e9b80bc78446b9fd1ab66d66a4042,mealybug
957df5ccc7dc4bb6bb7ae91e9c2f661e,Cocoa
92abb396bc114b739ff7c7cf2bdee664,shot-hole borer
8e047a99f2124c238a497d085510a8dd,cacao spotted long-horned beetle
14713e9371134a6282c9ae796fb7a2ee,leaf beetle
135372e44d6348efa478d565b5860bfc,black twig borer
74790aac7be0475ca1d29c3d710669e4,derbid hopper
db142c20388d41d096971834c0c2cd27,black citrus aphid
a8bf1d56ff6144e6bdfedfc18125b65c,cacao armyworm
53ced460a83e4d85870479a4da3c042d,Coconut palm
7b7e14f767a2452c8a3422078af4b59a,pohnpei coconut leaf beetle
99c812f2dab948c6b72aef1d7e5d76b9,mariana coconut leaf beetle
eeac1582f5004b9984c80b0b36b2de21,palau coconut leaf beetle
15db1890ad524c11a8f70f67cec1147f,coconut long-horned beetle
101f870b11664a3c9a9001d6c07c3a92,new guinea sugarcane weevil
00b0c08a48e04bcea23fc3371f7e5acd,strangulate weevil
5795e4a8f77843c285e2036a6daa3c33,sugarcane weevil borer
b2cc61bf0e754acabf1e806c5c8d538e,aphid
c484b53cd98b435983d214d6df609521,palau coconut whitefly
0f271443b941429f8d430a24283031a4,spiralling whitefly
4c9fc88c22ba4a4fb10d678f9cec8ee3,false yellow scale
231cf67b5ea54426ad6a275369de7b1d,scale
6d0023f708444ff7b5ded6a90f964bcd,armored scale
ccf6673e9cb74e71abcba5b22b115f7e,derbid planthopper
d3e144f71d0241118d4ce501a2ec5a1f,spittlebug
7e58af451a344680acf43fc47ced530e,kamani psyllid
f4e1a7510bf34d83a0060481a475cbba,guam mealybug
777740dd976c4681abfd46c90825de70,coconut red scale
466e4e7d31cc4551b141761daaa9c5be,derbid hopper
c5cdf730db2d4f5d98bab59848416089,leafhopper
24841a9314864e4f99e53b887130d5c1,saipan mealybug
540aea8941ce4304a1c7cd657235c3a7,derbid hopper
96bb411c3135498fb01148016dbae3dc,leafhopper
e8190c678a344adcb5adee313a51ab55,lesser snow scale
bbc7ba8d5b234dd08de152d64e3e1ffc,kanehira termite
6dd19c77e0ba4cb4badbfe1250d8b0e7,coconut flat moth
b99aa7819e8b4fd98725a1897141f9cb,coconut long-horned grasshopper
6dfa5377b4a34a26b1d323832e41a143,denticulate stick insect
fa78b5d514344f5da0adc7de7351e3e9,coconut stick insect
1c19254e37344df68dc81e83a48866cf,Coffee
9702fcba89b047afafffcad25ff058c3,coffee berry borer
f2968d50bf6b489bbce05cc51ee2744c,black twig borer
b10fe1569a7b402595dd8d16f21acf5f,black scale
d15e4dc80072477c8626cd75b6ba8caf,green shield scale
e0923e8ea52e4d4c924936815a9ca7fd,scale
a54bae5c2340491da6541c587f87c78d,thrips
8b1223a9a6ee46afbe656ef771fbd1e9,thrips
12fcc7c4155b4aa68bccfbc8b0b0bd43,Cotton
522f840b556543bf8c4a0d99ea84ecb7,carmine spider mite
350a91fa220c496787c02a5ef7a8a973,stainer bug
240d7e2dcfae4ed38bb79f34b320ee3c,indian cotton jassid
a5712d02a7cf4763ac2676912fcaa021,okra caterpillar
a4208f9a5914405f9bdb6320de8e514d,cucurbit leafroller
2bd6072689f9496a80127325061389cd,Crotons
e17998d20e23445a8534e43419bc4937,weevil
89d835cba33e448b95bcd7df261e345b,weevil
d4bb31d4de7e43bab47c44bff5822182,croton mussel scale
a155aa292b224f35a415febd382a49ee,castor semilooper
11115aaf20e447049e030ccf257fc9f1,Cucumber
ba21f2192d084b7ba10191f3e8d4a982,black-back cucumber beetle
60582200ab5140b78c2b34fff13cb4cf,three-green-lined weevil
c2f27c0d5e724156b0548363a1894a86,blue-back cucumber beetle
9a933624fd7745749e71d66497adad89,orange cucumber beetle
93fbbe5348ae4b75abaf151da55e1089,spotted cucumber beetle
ca57386786f14170a32c6818ee739e21,large spined-footed bug
2a4e8321f6f44996a200d28cb3a69c52,truk stink bug
1a977e5c55f044ed8741172573988a15,island fleahopper
e450c2ffead04332a62d4984af95e263,purple scale
bebd50d2a13e4cd5891a1d3c548449f1,melonworm
f24bf56faca5493399f0147828c6f2a9,white-banded grasshopper
97ade7d44a9846f790f94b8ae7869c46,squash
97ade7d44a9846f790f94b8ae7869c46,melons
27d1311d17314b5dac4bd849c67d1daf,Cycads
17d6fd0ccae0409fafbe5620001e87ef,weevil
62db2e8db69d42199acefde07ea30f19,pentatomid bug
e746b57870474bc18e07ef39e28c2d9f,caroline scale
0506cea30d054cecb0c735914f912647,caterpillar
abf51c4015c14736a79040a2c92218a2,Eggplant
528d607a59764e8eb4483b3389f8858d,tobacco flea beetle
00a53b065ccd4ea7b2d1d9044b6ff39a,philippine lady beetle
c129e1b271304caf950a6485509756df,kosrae lygus bug
1d9b0d252efb454ea7fe88d19b18545c,hornworm
a2aff4b8fe74465283dfa1104d08c897,Figs
ca3de76c2d05441c82a1b97518985eba,mexican wax scale
4143596420004d559ee270fbf5b0c6e3,blue-spotted king crow
f1b72f4194794319a8c9a7820eb7c96e,Ginger
180bb00c2e7445a0872849c6e1bc7186,asian corn borer
3d9f529d47f14660b558bc741c2940ea,Guava
176e55085bc242c8a3a3045b06b605cb,carribean black scale
9b9a2b1e533443bba4658a5ab164a3ed,acuminate scale
6eb51782a92f4f9ca4281bd06086ff69,scale
10f06b1ca6f7471a97c69b448c277420,woolly whitefly
d7b0a2a9a6174bda9c28c6ee9d60d218,chaff scale
2ed53fd4285d4457907f2a1abb76f2a6,forest tree termite
d9e6c00cdb2944a294fb4613d2ebfef2,tortricid moth
5f3744cb2ca747888b6d783675e5a9a4,moth
d03d52aed4994be7b67c09ee929741d0,guava bud moth
43c0e56b5d4241508e17749b984dd83d,Indian coral tree
7d23725f5d334abc8bc33ab615891a73,mexican black scale
487d8738e450415daaad262bb8f956e6,moth
88b351c85d1441a18c3086b306aa3dbf,Ironwood
42edcbb9e63b47878132564271cb04d5,Jackfruit
527f23cf099145bfb6033b05e9e7e906,Kamani
71acc6c6dbca4f7e831d60d36d4d6931,>Lemon
c23fe3d6a4fa435eacc4a31a14dc3e06,citrus leaf mite
37686d2704ca415b9c9021c89daf0e53,weevil
eb468c2d56fa49258fe08e55bd92db4b,mango flower beetle
0c7f45cfdda744649fdbfef23ed61be7,wood borer
9da974d3b59447eca9e092529d2c25fd,citrus bark borer
3cb6ac11623c4026a74672067475cadc,citrus snow scale
f370f7a9267047a58aa88b3f136f9cc8,green citrus aphid
42d365bfaec84ddebdfc1591debd4d24,orange spiny whitefly
2b984f9d528541019e3474ef3943495f,cloudywinged whitefly
72bf65cb92084c7bb8369e1ad930376f,black parlatoria scale
2acc6321150340f7831524a7456bbbbd,glover scale
6b1db04fe36345e0a7ec81c557d29a16,green mealybug
0a4be04aa83f4948941e46720a45d442,scale
13941d00d1f5439fad2da75c752d4811,tropical grey chaff scale
e9a555b121f543ea8638cb448c1b8c62,orange tip moth
c43e4c6de26f4996ac55f706f0bfab5d,tortricid moth
d7e5f1a9d26c487fb90186777642e4b9,citrus leaf miner
af43d66af7bc4f7eabc230919a193882,black citrus swallowtail
920883a09710426095aa1022fb73d5f3,citrus flower moth
6ede38773ea74f7bacf0ac5b0c30950c,Maize
7507740701a54eb0a7e38a0fa46faec2,mindanao June beetle
f1a929830df04f538a49225edce2ba39,rice weevil
1ef2f8970be540bf8553a5d216c89789,maize leafminer
1aa273809544409c8dba8975ca6f8aeb,sweetpotato yellow bug
dd453527aeda487492c08d236ddd0cff,pink sugarcane mealybug
09c36f1e6a5743ef8acaaf37931e65d3,corn delphacid
e31d0a64b60d474096a7443702d7eab7,corn leaf aphid
da9aee52fc4142f1841cab502b1a656a,leafhopper
dcab2d69764242d8b874df3736661d11,maize leafroller
b857c38045b7462a80cdf5605c6d7c34,evening brown butterfly
d420f0d9c3594e30aa0eab06af13a6fc,long-horned grasshopper
6c143f3beec04c8dba1e38485808e111,japanese grasshopper
d2933b27baaa42c181c4a5abb1c8b8ea,migratory locust
5f1d296999c54953848bb2174551e3a1,brown-winged short-horned grasshopper
8fd5d707b87a437ca184b600065032a9,smaller rice grasshopper
8fd5d707b87a437ca184b600065032a9,corn
67ad97ebfdc74b33ac0ddc8eac5893d4,Mango
695bff7afef74cdd995b75e90af0c394,mango leaf beetle
bd10e968b4f24eb3be340b83e37a9366,mango seed weevil
4224889cbb4948df860238110b989b87,seed weevil
6ab18bef7ff742208935e7fcd204460b,scale
afe98b9a50ec44518c1dc0ba7311c0bc,white scale
deef9c829cc04a3da39a6385a25592e2,brown pineapple scale
3ad0f34974c448a08e65bc4acaf74fd6,mango scale
cb11c01f864e4d8ca49529c5b4726587,mango shoot caterpillar
2a6ef889698c400e8947f0ec0ca71dd4,mango shoot looper
d7ffbc27b77c4d1f87b02c462f5cc251,Mountain apple
a051653c7e56467197ca0e4075a3e86b,ochrosia fruit fly
01563a623e7e4383b00b92e2bf8c7ca1,eugenia psyllid
a25938a400514696a805cfbec1dedee2,Okra
2a9229350ded409b87e50f2d78f50ea1,hibiscus psyllid
20823727991f44c28570074ebc0e3c3a,hibiscus caterpillar
28866c8e278142c292564957f9699b43,spotted
28866c8e278142c292564957f9699b43,cotton bollworm
a8f931311bc84b5a8e55f241afc2eb16,Onion
667485c35b0c457a92d279b552b235a1,grasshopper
ed16d7e38ecc4f3796984348240f4df5,Papaya
af66a91a2274407387199e6587492ae3,lemniscate papaya fruitfly
2c75ed87e8a240bbb50a0857a73eaac1,bisect papaya fruitfly
6ed4c73b123b4caa90ee200bacab7025,mirid
8683974c28be4e6dadf24430f96b72d6,Pineapple
19993a72fcd24723822132cd8dfe4ff6,pineapple scale
0dbfb57d20ef433d938c480edc47770a,oceanic field cricket
b728968a202b477c8fcf2174ab8df536,Pomegranate
29710652419a43ae9eadbe5f65e15504,Potato
750f1f9ed77a437189f50ceed4531904,Radish
c85fb0ba4f5b435d9a84797a37dc5f73,Red pepper
2a465d1644e44d2b97d192b30ac184fa,planthopper
97ade7d44a9846f790f94b8ae7869c46,Bell pepper
22953b9fd4324b39b30fd60d999da7ac,Rice
1d5d00a647bb4de4855d75e35375ccf1,rice bug
4b9c9883fb2c469f85c3a11c03562888,grass planthopper
d354b2c452204ee1a9fc3fab810c79da,green rice leafhopper
977d9b1980b249c4a021b877b2a0c965,brown rice planthopper
66240662bfea4496b1c52bb524dd05d5,mirid
d50a1033c8c3457da3a31dd7e94a823c,mirid
a86d59152212404d8a2d72397f25cf95,geometric noctuid
10154f80e803421990ef798a0007376e,rice caseworm
cb92eeb7ede24cd7a53b438c3d29834e,rice armyworm
6857f674ffd044ec99d7003d96cc38c7,rice leafroller
ab68ce2cbe6344c58b083af33c38c891,grasshopper
3b15a6328ad64c3f87f0bd6c7009f8d2,thrips
9b9cb568ad6e4ef5ba7e39a4a24c6d07,Rose
872217a6cbaa4f6c9c6ba8aa584220ed,Screw pine
b4664142f6c54647bb043104d701cf91,pandanus beetle
622d735e88d34634adf753e3bd501d8c,spaeth pandanus beetle
0a35715070ef40ff9aa4c25f6aa10c53,pandanus mealybug
d4dfb79f978947fca95dd81f81910be6,mealybug
94fa55d5e57c48cf83147eb4942132b0,planthopper
c17c651f25c14882a802eeaa5a49ce34,planthopper
c54141629a5049eda7034c18a7f98f05,planthopper
df5fd44c346748dd8645ea8ae2acb5ee,planthopper
41747cf65b28499287475fb6f406ddfc,mealybug
87c2b42cc92348ff8b01934faccd4179,planthopper
7862869d897d45abb0b5149be1d96507,scale
dfcf5fc7521d41b98605ffe6bd473e0d,mealybug
d20fa90f4cf143919583646e666c9c0b,derbid planthopper
1aa743b487664ac6a1529c64a7d7761b,planthopper
1c31133ac75b4713a656aa2e84f30035,mealybug
c7682dd3b16d49b1bc6087545c5000d9,leafhopper
45c51a0d3dcc4a40b18ebfed4d15d881,esaki mealybug
07233fb45dc94974a2a04af79695a123,planthopper
2b3e7a6b72f3475abdd95d80a094cc3e,moth
739fdd4b8ea04afeafae0fc3603c23f8,pandanus stick insect
45aa459257ad4f97b8ea98fbe39297ac,Sea grape
a34f452a70474fe88f1773346a60598b,Sorghum
f76df2ee3da34032947394a6f7d4c232,gray sugarcane mealybug
1dce40d66eb64ea4aa5f9692669efb5d,sugarcane whitefly
bb3a79494eb24f8ea55bb3e335f2f319,Soursop
dec9625df6c84029b27c5586bfa67f48,nigra scale
157976c2df464b74ba1099cd56055646,green tropiduchid
c7ad1c916c7141418cce4540e6fc0228,palau scale
ae06efedbe9649e1b0b71e41cd2c8cb1,sweetsop
4db9a8969889477ea2968c488b7baf87,Sugar cane
750fb9fbe9944cfab5be0426031ff5ca,rufous sugarcane beetle
27a172f8910044c7adec7043f6344d3a,darkling beetle
49a2315fbfb74a929929da1ac6c49cab,sugarcane scale
a7eb60a54fb04128a6a8989041a88862,scale
97cd7457d2ba46aca91aa2a4faba634e,grass snout hopper
95499ae30613422ca5ab1dc739d627d2,delphacid planthopper
60a82ebf57fd410ea2e336025cacb374,scale
1c0a64a5a3974bcea14647ae1ca82ed7,scale
7009b818af5046bd86778877bfd2f264,sugarcane leafhopper
fa16c803a4a9473a920f45e2e0a6dbae,Sweet potato
4764e8bc706a478fbeddabfdff29b9df,five-green-lined weevil
da8b54b6025041aebdc095ebadad7ff6,leaf beetle
7b54a50ffd2b43829e1ffefe706a2584,west indian sweetpotato weevil
0444e0dc9add4c26bd1d738dc9262d20,palau sweetpotato weevil
658efe160c6049dc8faf9a90a729e760,sweetpotato weevil
df29f546323f436f904540c8b83e3fd0,sweetpotato flea beetle
9200b52017ca4d5d913740eeacea7ba7,green tortoise beetle
c7504dd2a8f74f789ae1009ac8decd00,bug
9a7ab749bb804ce7ac4752bab05ce510,scale
afdcea55b276410298e9aa0e1c3582da,nippon sweetpotato moth
343868eb91af449c8485c630e397b986,meadow argus
a635c7e7a86b4d70886068874f2639ac,blue moon butterfly
bcfdd0adbe7344c09cd273cbee9f2362,hawk moth
9ff4ceefd18c4952a8c1e4748485d90e,mole cricket
505000344af24ce4b40bfce0b336eb35,Taro Colocasia
fbbcc90fff7a428cb72b08117a10e2a1,weevil
e0e95cca067841feb6c34cbc827bb176,taro leafhopper
3d6cced3408d408aa0b56b6b5e63f617,taro sphinx-moth
14432a8b99454177b8561ba640aae578,narrow-winged sphinx moth
c634dbef9d8a4e499f589cbe58e74978,Taro Cyrtosperma
d5805140aa11481a9079a6c382663f94,mealybug
4965829e009247e49537f7f10957753f,Tomato
85086eeeac3a43a3b9a97a7ff2d50bcf,tomato bug
545790842048408bb4201caaf12e54ce,leafhopper
b75b728a89b84e26a4267366faac2033,Tropical almond
116b296a0134473dbb43ed07f809330a,weevil
d4730a22d40a46f299c8ff1df4505f3c,kirkaldy whitefly
14c9c8febc92492eb371bfc56491e33b,myrobalan butterfly
d306d95564c148a6ac36c0b50eb41b75,moth
7e42fff30b2d4ab6bf2109478641ad14,Wing bean
338d8f3eb2404e4390c745a62c6cfbab,vegetable mite
019b64c3980c443c8bb814d94f6b1857,Yams
22cd5092082b4ba99c8fc7baf1edc54c,yam hawk moth
