ID,scientificName,vernacular
baa848e144934b31bc1518c0f459952d,Agave sisalana,Agave
d446875b852b4f68927b2daf5273b724,Aonidiella orientalis,oriental scale
607bf546c99a45d1afd51bc6117496ee,Dysmicoccus neobrevipes,grey pineapple mealybug
f131ce0370ab4c38b9bd3f54a83673da,Persea americana,Avocado
c6276877a98a4b99b59a37e0a9846eb5,Trigonops,weevil
803dbc2c4c414b90bfd4fc0772298f7e,Phytorus lineolatus,phytorus leaf beetle
adde4dba6098404bbb85139bf6afba67,Xyleborus fornicatus,tea shot-hole borer
a78493d31c8647948f502dac0c3f5313,Dacus cucurbitae,melon fly
45262e055b224612b7673a136060f752,Hemiberlesia palmae,palm scale
d3d7f0ae5b5049f7beabd9815437eb35,Ceroplastes floridensis,florida wax scale
77a020f8cfbf43e2ae067693aa422715,Coccus longulus,long brown scale
c66a2a579801401982b115fb896a8478,Eucalymnatus tessellatus,tessellated scale
7d50da0d4a1c4adfb2168d6da2d2fac0,Hemiberlesia lataniae,latania scale
134d5f9120c346e1b933ca3cfb4559b8,Aspidiotus destructor,coconut scale
1664ed0986f64d1d83d70675bd28c94c,Pseudococcus longispinus,long-tailed mealybug
fcdd1491c81c41d5b735cfee2e9be260,Icerya seychellarum,seychelles scale
36e88fa76a9b43cf94ca62474d37a28b,Aspidiotus spinosus,scale
fc5c46db6960461f862d23fef4356449,Icerya aegyptiaca,egyptian fluted scale
47adba70639049eca45dc4f4e20dd390,Selenothrips rubrocinctus,redbanded thrips
e0727f269823449c88c045713c065d2e,Bambusa,Bamboo
2a8287357a414fbab0fb09e1d1106d93,Anomala sulcatula,chafer beetle
ce4dc57ee327424f8bea7f78ca4eee91,Chlorophorus annularis,bamboo longhorn
d51c31170c1744d8ae1076116259443d,Pseudoloxops bifasciatus,mirid
3f82ac35bb0a46d7b30bc30fd35ea594,Asterolecanium robustum,bamboo scale
6fe1c3ab9d604567a526a31e84e718ab,Asterolecanium bambusae,bamboo scale
65df07dd55544df3af193dd9ad124cd7,Asterolecanium pseudomiliaris,bamboo scale
84217eb3908543b0bbb893532cd7aaae,Asterolecanium pseudolanceolatum,bamboo scale
3abb24bd209845e5a94fe218ea4cf132,Asterolecanium coronatum,bamboo scale
e7073a93379f4b3694b79bc6c0515629,Asterolecanium miliaris,bamboo scale
375a81c4b6494bf69411dcae30ae80ce,Musa,Banana
16b001f3da434c02857db689a36408b5,Adoretus sinicus,chinese rose beetle
5e7bfe97aa2e40898e75ce392e668f02,Cosmopolites sordidus,banana root borer
8c51efbd8e554409bcc23649354f3c9a,Polytus mellerborgi,banana corm weevil
a4e1891e72af420486fbb20f25b59d0a,Leptoglossus australis,leaf-footed plant bug
ee80c084aa1b4f42815e8aef4f6ffb93,Planococcus citri,citrus mealybug
c4343af3e0f248e8bced784a9cbe0690,Aspidiotus excisus,scale
77e89c5949db4a57b53aa5dcc639efc6,Ferrisia virgata,striped mealybug
36cbbd0ab2aa4b8c8c268286100e3d71,Proutista moesta,erect-winged blue plant hopper
40a65efe5ca34194b63adb08bc8a5c96,Lamenia caliginea,derbid planthopper
7577dce61e2e4eec87a686f137532421,Ischnaspis longirostris,black thread scale
a7d8ae00af5a43ba99e142307d01f89b,Pseudococcus microadonidum,mealybug
2502afb2973e4be9a8d32547c0fc4fa9,Pseudococcus orchidicola,orchid mealybug
6c44ee13277d485a9a2c901810839be2,Diaspis boisduvalii,boisduval scale
f573c04a51864051a9e697d8c97ac119,Saissetia coffeae,hemispherical scale
b586e60cf3e940f6bd3ad1dbb2a1b394,Chrysomphalus dictyospermi,dictyospermum scale
ab15a31bf60b4180a974c4f982a5e92b,Coccus viridis,green scale
4cabe552a4f440f980dab351f38661eb,Coccus hesperidum,brown soft scale
9f3ddd248090498fa8babef83f1cced4,Steatococcus samaraius,steatococcus scale
1b1a56c513054d749a9d0e0002dc7ba1,Aonidiella inornata,inornate scale
579abaa306c14ac2a3bed67a78187dbd,Aonidiella aurantii,california red scale
7b295935a65340dfa12f794943810cd5,Pentalonia nigronervosa,banana aphid
fccf85ee91a84e03aa00a6b1572cd27e,Aphis gossypii,cotton or melon aphid
b8b8b53ecbcb4c33aa82888e609fee2b,Spodoptera litura,rice cutworm
c79921e42d0f44f783e2c3297bc02093,Erionota thrax,banana leafroller
5610debeff51495fa8a3d3b6db342c71,Eudocima Othreis) fullonia,fruit piercing moth
e12b6380ee6840b4bf0dbb1a56264d93,Valanga excavata,large short-horn grasshopper
1a06f772cc8c4e0a89d90bb23dee8515,Valanga nigricornis,javanese grasshopper
b841aaffd4ec4d5a943d1678d8cb3055,Phaseolus,Beans
42443d6f0d17442fb901db2795a3b605,Polyphagotarsonemus latus,broad mite
ac53c803dbce4486b7b385abc3f814e6,Tetranychus tumidus,spider mite
24d3c81818e848ba80248126ffe1347e,Pagria signata,leaf beetle
457e1afc998c4b068932ce791308f6a5,Ophiomyia phaseoli,bean fly
c5f718e1d3e449b7923b384c72edb08e,Melanagromyza sojae,soybean fly
a0ba9035b4f6414f871d91559f2e4b7b,Liriomyza sativae,vegetable leafminer
eb260e3ce260455caa592638f6c94534,Liriomyza trifolii,serpentine leafminer
1b53c78ed99e4ce08b9e6f2c09430915,Nysius pulchellus,lygeid bug
74d84c1a701d4525bf2f3031b3005d05,Lygus trukensis,truk bean bug
19b223f4d06640a0ae2175f997373035,Brachyplatys insularis,black island stink bug
07ac3bd849db4bb8a3916b96f73470e7,Nezara viridula,southern green stink bug
c3b7fc598a4e42249324b8c59e177a94,Piezodorus hybneri,schield bug
845643fd22a54248b26b49b18f5fb02e,Halticus tibialis,black garden fleahopper
e4666b945c63426d82558c444af40b8f,Coptosoma xanthogramma,black stink bug
082f939ec6274d6881a55d6d88684946,Empoasca pitiensis,green leafhopper
75ad61741de4494abfb05734f565dd0d,Leptocentrus taurus,eggplant horned planthopper
2b604afcbc3e47999f2447137e214054,Exitianus capicola,leafhopper
99fdc4fbaaa14f69995c4cefc74c3479,Bemisia tabaci,sweetpotato whitefly
2ece930a35374c229adede99fa6148de,Myzus persicae,green peach aphid
4f8840f58f524f6693508a4c8bc8a4d8,Aphis craccivora,cowpea aphid
d32d92d4cf5946b997c86c151551585b,Maruca testulalis,bean pod borer
ff8cfa0a0abc4cc7850f59b2a9ec8f66,Spodoptera mauritia,lawn armyworm
a1c01816e1b04219a886967bd6f52103,Cryptophlebia ombrodelta,litchi fruit moth
6e6528b6c8434c11a8c2adf05e9bd5d0,Etiella zinckenella,lima-bean pod borer
ba13cdc6dfd14fb7847ce2e3c2ea544d,Lamprosema diemenalis,bean leaf-roller
3b57d1c2347a4d07a9864782dd33de77,Adoxophyes melia,melia tortricid
18410c8acac649deac726a04e3343619,Acrocercops,leaf blotch miner moth
44bfc85fb64e40f59ffba72cf746b2ac,Sphenarches caffer,plume moth
7a1a9ae4419b4ba38e6ea50ab49f43cc,Agrius convolvuli,sweet potato hawk moth
6879fd12f4844ebf88926ab99a9a403d,Lampides boeticus,bean butterfly
ef5828c90a534d6a851476fab554de0b,Heliothis armigera,old world bollworm
d21a423d38994eb09962f2023c4ea747,Chrysodeixis chalcites,green garden looper
489b977e61c24caca3d2e6a1ab61cc0e,Phaneroptera furcifera,philippine katydid
86c7519283014142b254ea828f1dea82,Thrips palmi,melon thrips
e618295d5a864c6f8b3ef6a206200ac3,Thrips tabaci,onion thrips
c9a085de82d0485fa44b25f1041af843,Cynodon,Bermuda grass
7587814ea8164bca859c92367d53531b,Antonina graminis,rhodesgrass mealybug
71fb00986a1a48a8a8e67c3c747ba373,Marasmia venilialis,grass leaf-folder
15299b35bda44e2aa8cc5f1f8b161030,Areca catechu,Betel nut
7be7d7a07b334a8c9990c22e5b2edc1c,Rhabdoscelus obscurus,New Guinea sugarcane weevil
3d7c141e083b49c0a1183cc388cad90d,Xyleborus perforans,coconut shot-hole borer
67297aab51c748dabf702e79b444a03a,Protaetia orientalis,oriental flower beetle
19317630e5b8466cb274e501af69f117,Diocalandra frumenti,coconut weevil
1e6da2e728fc4f46ba1e7c694a6a3d90,Oryctes rhinoceros,coconut rhinoceros beetle
bdad648bfeb541f7b24f5699ad6b93fa,Lepidosaphes laterochitinosa,armored scale
11ebccdf14314705a7a3dc826b125fe8,Lepidosaphes similis,scale
81571e4c973f4aa2a94959aa3cc95f4c,Cerataphis lataniae,latania aphid
ca22a6172c6542c0a83c2b49e0902447,Pinnaspis buxi,ti scale
8922fe472417484299ab6b2ca3e474f8,Dysmicoccus brevipes,pineapple mealybug
4d4aa96369e9444d817b563952fe8335,Palmicultor palmarum,palm mealybug
53bf3af3abb0450fbc98bd70419492a6,Parlatoria proteus,proteus scale
6f652f95727b44eeb524b2b995dd0c96,Coccus mangiferae,mango soft scale
93762b09f25c408b810185491b794506,Pinnaspis aspidistrae,fern scale
9acecb2850954b42ac3ef9111eb65c13,Phenacaspis inday,inday scale
ed32b0da6fc84465b04f7d789fcf863e,Agonoxena sp.,moth
4926750359ec4f76836e1dd9c4a867fa,Batrachedra sp.,moth
906b8fcf6d81449f98e285dbd13b2360,Heliothrips haemorrhoidalis,greenhouse thrips
f0e54d7f356d45ed90ea124bea624da1,Artocarpus altitis,>Breadfruit
819f0e6b674f47ee97c9c3116aa095a3,Ceresium unicolor,longhorn beetle
c4988e30095943b48680d6d85b6206af,Aclees porosus,breadfruit twig borer weevil
aef46f9edbb940669f457178926770aa,Dacus umbrosus,breadfruit fruitfly
317fc977f8ce475dbd71cbd14a67669c,Dacus frauenfeldi,fruitfly
6e8eeb0f6e22443ebcc5a6c0672bf93f,Andaspis punicae,scale
d54fcbdcb74740adb5bdacac6a7710ea,Coccus moestus,coccid scale
3c4b5cb100f24d84bcc66820c475548b,Vinsonia stellifera,stellate scale
5bb3c5ac77cb4223bcfea99797a8668b,Chrysomphalus aonidum,florida red scale
5bc5382642f04b748394f1b2f5d3c606,Pseudaulacaspis pentagona,white peach scale
9d8c499c7db4424ba1742debeff27e66,Planococcus lilacinus,lilac mealybug
8ac60b8b1ddf486cae179cac3724048b,Pseudococcus marshallensis,marshall mealybug
f417cf09fc074db8bfefba74806df972,Xenaleyrodes artocarpi,breadfruit whitefly
557ac3cd925b402fb40b83f226458c5a,Asterolecanium pustulans,oleander pit scale
e8b95efe364f49e8be2af82a61bbab2f,Icerya purchasi,cottony-cushion scale
c7c47b62e4184696adbace03f7dd240d,Phaciocephalus onoi,ono breadfruit planthopper
7f70935477d947a6b725e59d120a9a33,Pseudococcus trukensis,mealybug
307f9398076d4f3fa54378d409f03650,Ceroplastes rubens,red wax scale
cadf8d901ec34273b7b694b415449260,Brassica,Cabbages
1b8d00223e5a4f3ea7d0f6559a34e7c2,Liriomyza brassicae,cabbage serpentine leafminer
70a2accc2a8040c3aa7869e39a93d00c,Lipaphis erysimi,turnip aphid
9aa4e40537dc4f7ca261e4eca7b58ed3,Heliothis zea,corn earworm
9aa4e40537dc4f7ca261e4eca7b58ed3,Heliothis zea,tomato fruitworm
83322d65484a488eba590462b1fc8186,Hellula undalis,oriental cabbage webworm
8bd27816b9574fa0a2c74cbdce039063,Plutella xylostella,diamondback moth
e244f2a9eab94b98a21e586a44e03067,Crocidolomia binotalis,cabbage cluster caterpillar
98deddaa07e34d44a0bb3b9065d99a7e,Manihot esculenta,Cassava
73d82570bb124deba920d720f3dc21dc,Tetranychus,spider mite
3e3e9e31c40f41039f6c3bd6a7e703bf,Tetranychus sp.,spider mite
d6c7dbd399f548e4a33b0f0d8f1ba917,Tetranychus truncatus,spider mite
f63e9661682f46bc998ed8d1d4abfa1f,Parasaissetia nigra,nigra scale
10de73a80c774431a499f51919fe695e,Phenacoccus madeirensis,mealybug
8104ee1041b849ac826e7860b247a9f9,Theobroma cacao,Cocoa
e07e90a7b9a14c84a4a273b3cbb7023a,Xyleborus similis,shot-hole borer
809af4caf4cc4babac9c3d127d397f04,Pelargoderus luteosparsus,cacao spotted long-horned beetle
80f2b376244b4c698190cb78f4a65207,Coenobius glochidionis,leaf beetle
f3657aff6f0f4c798d6c3043413af679,Xyleborus ferrugineus,black twig borer
da9ad2239cbe45f8ad40e399611efabe,Eusyphax bivittatus,derbid hopper
9fed841336bc4554a5c2fcc66fc4580f,Toxoptera aurantii,black citrus aphid
fe6d883825be4c2cbd1f28e6ff991bcf,Tiracola plagiata,cacao armyworm
443209a1e9dc4e66bb5e93ef0968bb84,Cocos nucifera,Coconut palm
2375c9aa430047219eb4c2f62326c02e,Brontispa chalybeipennis,pohnpei coconut leaf beetle
23aa8f2b91d14ff0b2ce0fe537139279,Brontispa mariana,mariana coconut leaf beetle
cb24184df548476b8e178a13d30d1287,Brontispa palauensis,palau coconut leaf beetle
85f6174878624a8c8d6de93551691c75,Caroliniella aenescens,coconut long-horned beetle
7be7d7a07b334a8c9990c22e5b2edc1c,Rhabdoscelus obscurus,new guinea sugarcane weevil
9eebee3a6293487d87b88192c0dfd2dd,Trochorhopalus strangulatus,strangulate weevil
89e53194bf5a4419b35b1d472b193bf5,Rhabdoscelus asperipennis,sugarcane weevil borer
72831e000351490e8362f57f2ac99050,Astegopteryx rhapidis,aphid
1f65e433489f47f3a7dcb38a57e13c59,Aleurocanthus palauensis,palau coconut whitefly
f57d3408097a46209f4ad3b03e51c751,Aleurodicus dispersus,spiralling whitefly
a050b1d76efd46ba8bb085d7621dbea1,Aonidiella comperei,false yellow scale
e5efd40056e44786853ca5f9585f4da3,Aonidiella eremocitri,scale
32237b3b26ff47978bd97040853f9e11,Lepidosaphes esakii,armored scale
ca31a0f6f5754845acdca5857c88d874,Lamenia numitor,derbid planthopper
2a7bac22c3ab4ce6a55a62f2bed49144,Lallemandana phalerata,spittlebug
5210db48424f4a03b4a1311dfb56ce04,Leptynoptera sulfurea,kamani psyllid
f286a74497a34a69b9541c7db4195815,Palmicultor guamensis,guam mealybug
003c73aeedc048e9b561a5cd64250b9e,Furcaspis oceanica,coconut red scale
4fbebb3d2f0e444faed25fbf27b7d107,Flaccia dione,derbid hopper
6c11e15496f14242ac3c8bb2ad805ad1,Exitianus plebeius,leafhopper
268d8c7ca55c4553817245b5d836b471,Dysmicoccus saipanensis,saipan mealybug
666420df8a9e471e8073486c2f130491,Swezeyia zephyrus,derbid hopper
5840d297d76e4e1f8d2c5220891e8070,Protalebrella braziliensis,leafhopper
151e725ae3794d7091866c7c099a1149,Pinnaspis strachani,lesser snow scale
3cc43434c5fb40c8be042accd37758e3,Neotermes kanehirae,kanehira termite
682b7907e677421985cd9657c16a9044,Agonoxena pyrogramma,coconut flat moth
645c113310d841e5b334cba3811021fc,Segestes unicolor,coconut long-horned grasshopper
31df1604bab6447b8c1227209e7f7d11,Acanthograeffea denticulata,denticulate stick insect
7bb0d36c3b6d4169a944e383963d6081,Acanthograeffea modesta,coconut stick insect
715e7bc4b22b49668d204dba4c50a46e,Coffea,Coffee
2be232c8057141be9355ed0c526352d2,Hypothenemus hampei,coffee berry borer
3a211fad9bc44442a766969acf9b3bbd,Xyleborus morigerus,black twig borer
a6d98fd125854a24b2f7701e1e2bfebe,Saissetia oleae,black scale
c746c7cf5e5b458f8899aaacc2ef5e8d,Chloropulvinaria psidii,green shield scale
1a02cdbb930d4c0dac2ee1a8b9f42ff5,Duplaspidiotus tesseratus,scale
77bca80c949149c6a4a6d4bcc96bf39c,Aleurodothrips fasciapennis,thrips
e97c764e2e4b4b549365445e68b71d11,Karnyothrips melaleuca,thrips
8a6d7232a172485b97e9e945b0bbb98b,Gossypium,Cotton
fe8beb7965ef4b6f94c8b1889c4853f7,Tetranychus cinnabarinus,carmine spider mite
23c41c133a95466a9ecf850401fdbef6,Oxycarenus bicolor,stainer bug
3e87ebb20fe94292948f7a1e68511e5e,Sundapteryx biguttula,indian cotton jassid
d54b6cdd859d4b899dd9298118cae740,Anomis erosa,okra caterpillar
6f9037d8974a4ea89b309b906ac34a00,Diaphania indica,cucurbit leafroller
80b267070ea44d2ea7758c586cd4c7e7,Codiaeum variegatum,Crotons
70d6d1729d134451be5c3cff1535753b,Trigonops hirsuta,weevil
f6e31bb9a6c24dcbb3d8cdd1ec5317d0,Trigonops inusitata,weevil
be86c3b009544aeeaa209f8b5ba3bc52,Lepidosaphes tokionis,croton mussel scale
c9963b96206347aeaef1a810ed25b477,Achaea janata,castor semilooper
87ce6dc3e4d74e65aa7d6b3664c32e42,Cucurbitaceae,Cucumber
84d07a7d17704bca85ab225d6e0076f2,Aulacophora flavomarginata,black-back cucumber beetle
14091e98506648808bd01ba325e32cbf,Trigonops sp.,weevil
d0924639e95a4021a38b93b50bf8a3cd,Nanyozo viridilineatus,three-green-lined weevil
acb53335e941457e9cb2774ce811eedb,Aulacophora marginalis,blue-back cucumber beetle
897f8a24456949bc9b31a36e62c32a4b,Aulacophora similis,orange cucumber beetle
0fd570567ebd4671a4737fc07ce49954,Aulacophora quadrimaculata,spotted cucumber beetle
83d1968ac91941a1a8018fe1806b9f75,Physomerus grossipes,large spined-footed bug
cfe1451957bf4b6a9a032b2097678298,Megymenum affine,truk stink bug
9b2f7d670b0744ca89f490a6275f73fa,Halticus insularis,island fleahopper
ce2ff75dbc454dfcbd02cbf94583082d,Lepidosaphes beckii,purple scale
ead2d3e34b7d42108ee942a25e4e5080,Diaphania hyalinata,melonworm
2c1103fe9e9c404581e04e5f65d848ac,Stenocatantops splendens,white-banded grasshopper
86c7519283014142b254ea828f1dea82,Thrips palmi,squash
86c7519283014142b254ea828f1dea82,Thrips palmi,melons
eb2a1920f61f49b8b0f44c358b11a024,Cycas,Cycads
d7883e9aaa3c4a20888be82b0d68059c,Anaballus amplicollis,weevil
4d276766cd994b49931516c9e6307d55,Alciphron glaucus,pentatomid bug
1040b60f3c90440f8a74b1c01db87fab,Lepidosaphes carolinensis,caroline scale
f96949cbbef34c348de1285a3b98a062,Chilades pandava,caterpillar
7838d7410052489dbfeffab1b770e339,Solanum melongena,Eggplant
1a9d6bb87bc04413b194bdb29d2763df,Epitrix hirtipennis,tobacco flea beetle
8d6e0be1fb3849b6874649b272e7577e,Epilachna vigintisexpunctata philippensis,philippine lady beetle
b92a5bc4d47a4dacb6647021918eb54c,Lygus kusaiensis,kosrae lygus bug
d6460f97e80242dd9f39ce3f354d7a70,Protoparce sp.,hornworm
cda4465b04fb4206a519e043458af593,Ficus,Figs
480994f349924d89a9a3d3b3a980bfa3,Ceroplastes ceriferus,mexican wax scale
6f7cc5cc99ae42099037fab581c984fe,Euploea leucostictos,blue-spotted king crow
94907b0c75d04687aa86372ff14601db,Zingiber officinale,Ginger
f16d011ceac94add96c6690ee0239523,Ostrinia furnacalis,asian corn borer
8d27be095d584e9eb58a80d82acbc28f,Psidium guajava,Guava
3a48d400dc5e4a23a15a50f187117ea3,Saissetia neglecta,carribean black scale
fb34abb6d10e47409f11d6e60e5c9af0,Kilifia acuminata,acuminate scale
e81454e672e4497b8c3eddd2ce8c0228,Kilifia deltoides,scale
dfc470812a2d47aaa8b1ac20b4c5c716,Aleurothrixus floccosus,woolly whitefly
0f0dc6e9f215468f9505aca8c7d37637,Parlatoria pergandii,chaff scale
32d43e20bb3049eabbc5f55d120cd8bd,Neotermes connexus,forest tree termite
85e314bfae214983a2bef0ec5bae40ea,Dudua aprobola,tortricid moth
f7f355f807c44704a1fbf9fc837c0526,Anua tongaensis,moth
fa9e48d06b7049b8838f97fae36ceac0,Strepsicrates ejectana,guava bud moth
ca5c2179fdf14e96a980e5db6eeb2750,Erythrina variegata,Indian coral tree
df45749ca2f24137a9f5cbd1a0e54d62,Saissetia miranda,mexican black scale
a9796411664348cbb48b8ca255265a52,Agathodes ostentalis,moth
a04e5ee3b05742669fa6899937ec530e,Casuarina equisetifolia,Ironwood
803331f484a44ec094ff22c1dfd9a83e,Artocarpus heterophyllus,Jackfruit
d8098fee1a7b4267b0fb65199b569410,Calophyllum inophyllum,Kamani
43ebf6b83611477da9758080a967ec3f,Citrus,>Lemon
42bb35942c05412f8faaecc5c18af440,Eotetranychus cendanai,citrus leaf mite
b67a29746916489eb7d59cabb388f88b,Daealus sp.,weevil
1941759385cc48b599af6f7cc834695f,Protaetia fusca,mango flower beetle
fb50ad9f5cc740808b03dda3c6984e41,Chrysobothris costata,wood borer
42fde775eac047d0911ca23df5957a29,Agrilus occipitalis,citrus bark borer
146db13daa5d438f9f01dadeda4a89e2,Unaspis citri,citrus snow scale
69db9132b59e4ae0b8f8290738c2530a,Aphis citricola,green citrus aphid
212d38fa354c4ebbafafc84fea0eb2f4,Aleurocanthus spiniferus,orange spiny whitefly
b73caaa494114049b267f110d0aa380f,Dialeurodes citrifolii,cloudywinged whitefly
ddea208429e9418eb648936d6ece7a93,Parlatoria zizyphus,black parlatoria scale
3526aa2bb2c3421981c862eae2b06a50,Lepidosaphes gloverii,glover scale
4d56c008976f4baf9b660ec8c4dd48e6,Pseudococcus citriculus,green mealybug
c6229cfd23174ae9ba6156dc8a103ad3,Abgrallaspis palmae,scale
ea5c979070584ff58bbff018e9eba643,Parlatoria cinerea,tropical grey chaff scale
29612fae2e134f1798bd12eb65692d54,Adoxophyes fasciculana,orange tip moth
155a1fa6ef3b417697f8d8c4e001d875,Cryptophlebia peltastica,tortricid moth
67185a0a6798419bbd696db7317d5180,Phyllocnistis citrella,citrus leaf miner
74abf3477ea1472795aad6e68f3573fb,Papilio polytes,black citrus swallowtail
b19644f24c7040c6b380c1d61fa1e39b,Prays citri,citrus flower moth
c0124e08b14a469b994099586c92ffd9,Zea mays,Maize
51f091ca33604b65a06c1a017be1d99e,Phyllophaga bipunctata,mindanao June beetle
19341f9e379941a5b1caff3c5299000b,Sitophilus oryzae,rice weevil
3a32263580ee43408305aeb8dac788dc,Pseudonapomyza spicata,maize leafminer
04f98b8c75ff43f0b9c8602d6e2d769a,Creontiades pallidifer,sweetpotato yellow bug
d7a769128af54c27bdd20f2ccc7f3eb3,Saccharicoccus sacchari,pink sugarcane mealybug
a5b6d0a9779445e1bb8d530775a576cc,Peregrinus maidis,corn delphacid
cdb83e0c29ac4ee291647ccfc0d59e76,Rhopalosiphum maidis,corn leaf aphid
0bc8533dcaae4c9f9a9aefed7fa946ee,Cicadulina bipunctella,leafhopper
66d374a484164361a9d4599d33beb54b,Marasmia trapezalis,maize leafroller
006d68b56c6945d1bedd7fdc97987901,Melanitis leda,evening brown butterfly
e935c82a673e4cbf9e69f1de353d5d92,Conocephalus longipennis,long-horned grasshopper
b569a540f71142c0922030cf9e1c8e3a,Oxya japonica,japanese grasshopper
79ec94719ded479f99dccbac75cab17c,Locusta migratoria manilensis,migratory locust
b2f0c9dec9114307b436711c63cd5a74,Aiolopus thalassinus dubius,brown-winged short-horned grasshopper
187e08848184495a9b8cd3962ee7e045,Oxya hyla,smaller rice grasshopper
187e08848184495a9b8cd3962ee7e045,Oxya hyla,corn
3b7b04e9c3ba41fab31c87010c337134,Mangifera indica,Mango
1662eba29b654a1299b22b23adbd7fb1,Rhyparida carolina,mango leaf beetle
3c328abba24941059e3ee1f48a0c3ded,Sternochetus mangiferae,mango seed weevil
ba6371961a744b61becfde067beabbe4,Cryptorhynchus mangiferae,seed weevil
11e2397f79554088aa8e508a439c7f0b,Semelaspidus mangiferae,scale
78cefbb843fe4ea1b6fb660fa276d8ba,Pinnaspis sp.,white scale
b70b6b65c75e4e7892040550c744ccc7,Melanaspis bromeliae,brown pineapple scale
0aad0fd8b0be4ad1815861310958ed4d,Radionaspis indica,mango scale
5550250886214ea98903d4e35feccc17,Penicillaria jocosatrix,mango shoot caterpillar
a3cf509a65f44e549502f00b516d9db9,Anisodes illepidaria,mango shoot looper
be59b954109a4e66953c411365da3a70,Eugenia malaccensis,Mountain apple
871d0fb9b9304b66b9d2788d8d804c9c,Dacus ochrosiae,ochrosia fruit fly
c377071bf5314330930c518b2ff66872,Trioza vitiensis,eugenia psyllid
d5593042cd2941f382307f224073782a,Abelmoschus esculentus,Okra
030e2a9f48884805ab161d04708b2e26,Mesohomotoma hibisci,hibiscus psyllid
6bf44c11e5574579927097965c40b808,Anomis flava,hibiscus caterpillar
da85f6f0041d485caca8aa965ea97e03,Earias vitella,spotted
da85f6f0041d485caca8aa965ea97e03,Earias vitella,cotton bollworm
fe9e78d7ad0e4b0abb3d89edbce9dc55,Allium cepa,Onion
b05f6c95d2764ebc9642af938579dcf2,Atractomorpha psittacina,grasshopper
c14aa3b3f6b548719b1707088967db25,Carica papaya,Papaya
a0b83203522746ad97c1262660dff93f,Euphranta lemniscata,lemniscate papaya fruitfly
ee5898f09d174573b97112d2dc3d5333,Hendelina bisecta,bisect papaya fruitfly
5380c99364f44cabb503b497c192ad56,Fulvius angustatus,mirid
352470a2a185405293269bd4b4bc6972,Ananas comosus,Pineapple
1df668f6a2ca42fba2c975c01eaba5dd,Diaspis bromeliae,pineapple scale
2b48e244f1b44251ad8d2f81278f8c84,Teleogryllus oceanicus,oceanic field cricket
691b4e2639e74e268d7e5689486e30a7,Punica granatum,Pomegranate
17b9e92bd66543a48008576da138a147,Solanum tuberosum,Potato
44a1cd05a69e48c4bdc96d49fe132ac1,Raphanus sativus,Radish
4d2b5bc1584f45fda8d92a2b984e2efd,Capsicum,Red pepper
3d82a099d22c4d30a0eabdf1ee75adfa,Chloriona formosella,planthopper
86c7519283014142b254ea828f1dea82,Thrips palmi,Bell pepper
75b04a33a943444d889618e09b6fae8d,Oryza sativa,Rice
bbfbae83c5f04038b536980f5b3b74d0,Leptocorixa acuta,rice bug
22a36f0fe9844c089519349fd0146260,Sogatella furcifera,grass planthopper
7a795950b42547299819007014e200d8,Nephotettix apicalis,green rice leafhopper
4a11026c9180486fba2fd1d44da9714b,Nilaparvata lugens,brown rice planthopper
29c94d30c62d458ca1640dc68409f8f7,Orthotylellus pallescens,mirid
27d88623e88146dcbfc965624c804369,Proboscidocoris malayus,mirid
b80e8ed0134b4d92bdb4c350750bf8bf,Grammarodes geometrica,geometric noctuid
9cda82f5d6da40e1b6354eb89e029f73,Nymphula fluctuosalis,rice caseworm
d34ab2db95704cc489e69d93dbf0def5,Mythimna loreyi,rice armyworm
af61261828724ecb8584c2d781cb3cdb,Susumia exigua,rice leafroller
52e66581a00945dd99439fbfaf7ff3f5,Euconocephalus nasutus,grasshopper
23890ec7e4f1411d9f80afe1f592fad1,Bolacidothrips orizae,thrips
d464e0ac80954f12a239e857c55ce7fa,Rosa,Rose
7b97069686f24236a5ca3b2e92cc9853,Pandanus,Screw pine
d67d320333a748abad211f7da5b5066b,Oxycephala pandani,pandanus beetle
c2e8ea40a2544cbcb1dab4b3398ed460,Oxycephala spaethi,spaeth pandanus beetle
a2d0627b24c74e25b2851beefe55f0ea,Laminicoccus pandani,pandanus mealybug
e86e42e1172e439d90a9c88a26a1d89d,Turbinococcus pandanicola,mealybug
aa1996bd5b5b41fb80adab51bc63cb8c,Myndus irreptor,planthopper
c19ba4860d464f139074ae1e35187712,Myndus palawanensis,planthopper
4a4581db3f9e4271ad6bcc5984356b0f,Swezeyaria viridana,planthopper
6078e7d60b5446b3b905dbde5c689517,Capelopterum punctatellum,planthopper
daa48f359ac74c25b6cd3f6d5c41d00a,Neosimmondsia esakii,mealybug
86406450d5054fc69df608315ae9d470,Myndus bifurcatus,planthopper
1ebaac5926de43f287f8d5308a419258,Paralecanium carolinensis,scale
ff28f9152ba4438c89f3f97cf5b9f08f,Pandanicola pandani,mealybug
58659a2663124400a3c791e89fe19282,Nesorhamma chalcas,derbid planthopper
08c7e7f2f6a049db92ea02a5dde168b2,Myndus dibaphus,planthopper
9cf29409b4da441681be9d578ad7fac1,Pseudococcus pandanicola,mealybug
1bd0d753945e4f0eb072c8d7bbee05cc,Batrachomorphus atrifrons,leafhopper
c28799a0a2f94a1ca934b4c20188f163,Pandanicola esakii,esaki mealybug
dc33eee8eed74a7084972a0933a9796f,Armacia clara,planthopper
bf36e65cc04141fdab9e47b4db970cb4,Trissodoris guamensis,moth
fb775a3e0b0c4cefb82bd1d0e5d38e3f,Megacrania batesii,pandanus stick insect
46f119784fbd493a9ce88cbf07cb03a9,Coccoloba,Sea grape
950bafdb233f4afa9caa5e3e90ec6f0c,Sorghum bicolor,Sorghum
9601763dfa0e4f3fbd8d15fffbae86b8,Dysmicoccus boninsis,gray sugarcane mealybug
d194f89057ba4054a5ffae227a8fd553,Neomaskellia bergii,sugarcane whitefly
d9fab664494c4adf8f227d33107263c6,Annona,Soursop
bf9e3870eeda4711b7c36d9e513e8240,Saissetia nigra,nigra scale
a3fb9102b7054978b61ce5736ee30120,Kallitaxila crini,green tropiduchid
1ab8f288490f4f7ebfe1941dfe052604,Lepidosaphes palauensis,palau scale
11ebccdf14314705a7a3dc826b125fe8,Lepidosaphes similis,sweetsop
4bdc35d982f94630b571a7aa803e9619,Saccharum officinarum,Sugar cane
da96bf36a9ab433185a647200b16ec14,Anoronotum rufum,rufous sugarcane beetle
391296cfc86c454a8155185db996f77a,Gonocephalum sp.,darkling beetle
6349bd9fc4e14e6db6dc28acf57f32ba,Aspidiella sacchari,sugarcane scale
4fae57a2b87f4b90b06adc4256c40b91,Odonaspis saccharicaulis,scale
7b6bd1e14f1a432db4418ec564772b80,Chanithus gramineus,grass snout hopper
c60741cfaba74399923223740bdde124,Ugyops annulipes,delphacid planthopper
8460ef0aef374570bbabdedee7284bb6,Aulacaspis madiunensis,scale
c1a3de185af14fccb089b17a6f756537,Aulacaspis tegalensis,scale
aa693975b81547708aefc228b51f8d07,Perkinsiella thompsoni,sugarcane leafhopper
3636ab18b55a4eb9987098af44eafe9d,Ipomoea batatas,Sweet potato
cda77b1fecf74203a6256f4deeca6df0,Nanyozo viridipictus,five-green-lined weevil
54650388caa84746b52ee2758126d25e,Colasposoma metallicum,leaf beetle
d6fbb60c21d74ee4b2b1d656c24796f6,Euscepes postfasciatus,west indian sweetpotato weevil
16195d4e3f274420b40684f438064fd9,Sphaeropterus sp.,palau sweetpotato weevil
5589a675344143e38c5e7ffe5d73561e,Cylas formicarius,sweetpotato weevil
055aa77ce8774b0c930e29391d0dddd0,Chaetocnema confinis,sweetpotato flea beetle
ea0608753a5a4c4b962037bcab93a930,Metriona circumdata,green tortoise beetle
975440161d194795a41c62a64f528936,Zanchius fragilis,bug
50be45d9008945b7a98ac8af261728a3,Lepidosaphes sp.,scale
5edb1f737d9c46c5b2605cc8f3bd4a35,Pachyzancla nipponalis,nippon sweetpotato moth
e08b7dc042c54997900d2da5ff425800,Acrocercops sp.,leaf blotch miner moth
c1ab228c6d1a481d8ab19a5f63ab29f4,Precis villida,meadow argus
03a2136684ac4bbc8f9e3098d9c5179c,Hypolimnas bolina,blue moon butterfly
7375404c8e134cebb59fa737bac69788,Hippotion swinhoei,hawk moth
5f5bc7a29f984f4189bae68b621f5c12,Gryllotalpa sp.,mole cricket
052519e142154fc2a02b2b64d7bfb0a0,Colocasia esculenta,Taro Colocasia
69dfe590170d40ff83d609d1c93f7697,Atactus deplanatus,weevil
17261ce431294e09ba87a8f7cf6c2de3,Tarophagus proserpina,taro leafhopper
a7343665422242e6accced7ae3a4a963,Hippotion celerio,taro sphinx-moth
e51676b1b8f24714ae1018c7965fdfea,Theretra pinastrina,narrow-winged sphinx moth
8f1c31058c604237a365df4baa7ba208,Cyrtosperma,Taro Cyrtosperma
b82370476e03494e9bdcc2ca174bbdb6,Pseudococcus macrocirculus,mealybug
1ca21d6f0e454a57b724c1da67ce31af,Lycopersicon esculentum,Tomato
811638bf61ff49d8a145de65963e94da,Cyrtopeltis tenuis,tomato bug
4d7f489e68034054b6ffdf375098dab6,Nesophrosyne argentatus,leafhopper
5f5bb318f47a43af9682e364779a8078,Terminalia,Tropical almond
e454f3a969ac4f2abca75f46931e70b1,Trigonops vulgaris,weevil
668e5301a0b1488cade39eb5506ddb84,Dialeurodes kirkaldyi,kirkaldy whitefly
7f2bfc135e5c4d058a80affdc5b6d2be,Badamia exclamationis,myrobalan butterfly
855cd310a1084e46aa8f3e602ffd4c27,Anua coronata,moth
df9a93beff7f4328b4effe9a56ae0176,Psophocarpus tetragonalubus,Wing bean
a1179eea65ab4322b9335b2c7e857be9,Tetranychus neocaledonicus,vegetable mite
444a65d4599841fcbcae962fb9316930,Dioscorea,Yams
14ca520ccacc4507883c0d42b54db858,Theretra nessus,yam hawk moth
